fit_index,partition,seed,arm,scale,M_MIN,event_count,event_times,budget_pass,fit_preview_pass,failure_reasons,mean_reset_budget,first_budget_failure,Mth_event_time,budget_failure_after_Mth_event,minimum_margin
0,train,121000001,learned,1.0,1,1,[289],True,True,[],1.8225612878799438,,289,False,0.2231664752960425
0,train,121000001,learned,1.0,2,1,[289],True,False,"[""INSUFFICIENT_EVENTS""]",1.8225612878799438,,,False,0.2231664752960425
0,train,121000001,constant_matched,1.0,1,1,[289],False,False,"[""DELTA_MARGIN_FAIL"", ""REGION_GATE_FAIL"", ""TRANSITION_SOUNDNESS_FAIL""]",1.3210967669884361,133,289,False,-1.568903233011566
0,train,121000001,constant_matched,1.0,2,1,[289],False,False,"[""DELTA_MARGIN_FAIL"", ""REGION_GATE_FAIL"", ""TRANSITION_SOUNDNESS_FAIL"", ""INSUFFICIENT_EVENTS""]",1.3210967669884361,133,,False,-1.568903233011566
0,train,121000001,constant_train_max,1.0,1,1,[289],True,True,[],2.89,,289,False,1.7454787615278633e-14
0,train,121000001,constant_train_max,1.0,2,1,[289],True,False,"[""INSUFFICIENT_EVENTS""]",2.89,,,False,1.7454787615278633e-14
0,train,121000001,constant_H_eta,1.0,1,1,[289],True,True,[],3.0,,289,False,0.11000000000001967
0,train,121000001,constant_H_eta,1.0,2,1,[289],True,False,"[""INSUFFICIENT_EVENTS""]",3.0,,,False,0.11000000000001967
0,train,121000001,learned,0.5,1,1,[289],False,False,"[""DELTA_MARGIN_FAIL"", ""REGION_GATE_FAIL"", ""TRANSITION_SOUNDNESS_FAIL""]",0.9112806439399719,156,289,False,-1.333416762351992
0,train,121000001,learned,0.5,2,1,[289],False,False,"[""DELTA_MARGIN_FAIL"", ""REGION_GATE_FAIL"", ""TRANSITION_SOUNDNESS_FAIL"", ""INSUFFICIENT_EVENTS""]",0.9112806439399719,156,,False,-1.333416762351992
0,train,121000001,constant_matched,0.5,1,1,[289],False,False,"[""DELTA_MARGIN_FAIL"", ""REGION_GATE_FAIL"", ""TRANSITION_SOUNDNESS_FAIL""]",0.6605483834942181,67,289,False,-2.229451616505779
0,train,121000001,constant_matched,0.5,2,1,[289],False,False,"[""DELTA_MARGIN_FAIL"", ""REGION_GATE_FAIL"", ""TRANSITION_SOUNDNESS_FAIL"", ""INSUFFICIENT_EVENTS""]",0.6605483834942181,67,,False,-2.229451616505779
0,train,121000001,learned,0.75,1,1,[289],False,False,"[""DELTA_MARGIN_FAIL"", ""REGION_GATE_FAIL"", ""TRANSITION_SOUNDNESS_FAIL""]",1.3669209659099577,234,289,False,-0.5551251435279797
0,train,121000001,learned,0.75,2,1,[289],False,False,"[""DELTA_MARGIN_FAIL"", ""REGION_GATE_FAIL"", ""TRANSITION_SOUNDNESS_FAIL"", ""INSUFFICIENT_EVENTS""]",1.3669209659099577,234,,False,-0.5551251435279797
0,train,121000001,constant_matched,0.75,1,1,[289],False,False,"[""DELTA_MARGIN_FAIL"", ""REGION_GATE_FAIL"", ""TRANSITION_SOUNDNESS_FAIL""]",0.9908225752413271,100,289,False,-1.899177424758675
0,train,121000001,constant_matched,0.75,2,1,[289],False,False,"[""DELTA_MARGIN_FAIL"", ""REGION_GATE_FAIL"", ""TRANSITION_SOUNDNESS_FAIL"", ""INSUFFICIENT_EVENTS""]",0.9908225752413271,100,,False,-1.899177424758675
0,train,121000001,learned,1.25,1,1,[289],True,True,[],2.27820160984993,,289,False,0.5549451255798338
0,train,121000001,learned,1.25,2,1,[289],True,False,"[""INSUFFICIENT_EVENTS""]",2.27820160984993,,,False,0.5549451255798338
0,train,121000001,constant_matched,1.25,1,1,[289],False,False,"[""DELTA_MARGIN_FAIL"", ""REGION_GATE_FAIL"", ""TRANSITION_SOUNDNESS_FAIL""]",1.6513709587355452,166,289,False,-1.238629041264457
0,train,121000001,constant_matched,1.25,2,1,[289],False,False,"[""DELTA_MARGIN_FAIL"", ""REGION_GATE_FAIL"", ""TRANSITION_SOUNDNESS_FAIL"", ""INSUFFICIENT_EVENTS""]",1.6513709587355452,166,,False,-1.238629041264457
0,train,121000001,learned,1.5,1,1,[289],True,True,[],2.7338419318199154,,289,False,0.6879341506958006
0,train,121000001,learned,1.5,2,1,[289],True,False,"[""INSUFFICIENT_EVENTS""]",2.7338419318199154,,,False,0.6879341506958006
0,train,121000001,constant_matched,1.5,1,1,[289],False,False,"[""DELTA_MARGIN_FAIL"", ""REGION_GATE_FAIL"", ""TRANSITION_SOUNDNESS_FAIL""]",1.9816451504826542,199,289,False,-0.908354849517348
0,train,121000001,constant_matched,1.5,2,1,[289],False,False,"[""DELTA_MARGIN_FAIL"", ""REGION_GATE_FAIL"", ""TRANSITION_SOUNDNESS_FAIL"", ""INSUFFICIENT_EVENTS""]",1.9816451504826542,199,,False,-0.908354849517348
0,train,121000001,learned,2.0,1,1,[289],True,True,[],3.6451225757598875,,289,False,0.9539122009277341
0,train,121000001,learned,2.0,2,1,[289],True,False,"[""INSUFFICIENT_EVENTS""]",3.6451225757598875,,,False,0.9539122009277341
0,train,121000001,constant_matched,2.0,1,1,[289],False,False,"[""DELTA_MARGIN_FAIL"", ""REGION_GATE_FAIL"", ""TRANSITION_SOUNDNESS_FAIL""]",2.6421935339768723,265,289,False,-0.2478064660231158
0,train,121000001,constant_matched,2.0,2,1,[289],False,False,"[""DELTA_MARGIN_FAIL"", ""REGION_GATE_FAIL"", ""TRANSITION_SOUNDNESS_FAIL"", ""INSUFFICIENT_EVENTS""]",2.6421935339768723,265,,False,-0.2478064660231158
1,train,121000005,learned,1.0,1,2,"[71, 92]",True,True,[],1.2957893798748652,,71,False,0.16428940236568423
1,train,121000005,learned,1.0,2,2,"[71, 92]",True,True,[],1.2957893798748652,,92,False,0.16428940236568423
1,train,121000005,constant_matched,1.0,1,2,"[71, 92]",False,False,"[""DELTA_MARGIN_FAIL"", ""REGION_GATE_FAIL"", ""TRANSITION_SOUNDNESS_FAIL""]",1.3210967669884361,225,71,True,-0.7589032330115654
1,train,121000005,constant_matched,1.0,2,2,"[71, 92]",False,False,"[""DELTA_MARGIN_FAIL"", ""REGION_GATE_FAIL"", ""TRANSITION_SOUNDNESS_FAIL""]",1.3210967669884361,225,92,True,-0.7589032330115654
1,train,121000005,constant_train_max,1.0,1,2,"[71, 92]",True,True,[],2.89,,71,False,0.810000000000018
1,train,121000005,constant_train_max,1.0,2,2,"[71, 92]",True,True,[],2.89,,92,False,0.810000000000018
1,train,121000005,constant_H_eta,1.0,1,2,"[71, 92]",True,True,[],3.0,,71,False,0.9200000000000204
1,train,121000005,constant_H_eta,1.0,2,2,"[71, 92]",True,True,[],3.0,,92,False,0.9200000000000204
1,train,121000005,learned,0.5,1,2,"[71, 92]",False,False,"[""DELTA_MARGIN_FAIL"", ""REGION_GATE_FAIL"", ""TRANSITION_SOUNDNESS_FAIL""]",0.6478946899374326,51,71,False,-0.8273562240600602
1,train,121000005,learned,0.5,2,2,"[71, 92]",False,False,"[""DELTA_MARGIN_FAIL"", ""REGION_GATE_FAIL"", ""TRANSITION_SOUNDNESS_FAIL""]",0.6478946899374326,51,92,False,-0.8273562240600602
1,train,121000005,constant_matched,0.5,1,2,"[71, 92]",False,False,"[""DELTA_MARGIN_FAIL"", ""REGION_GATE_FAIL"", ""TRANSITION_SOUNDNESS_FAIL""]",0.6605483834942181,67,71,False,-1.4194516165057833
1,train,121000005,constant_matched,0.5,2,2,"[71, 92]",False,False,"[""DELTA_MARGIN_FAIL"", ""REGION_GATE_FAIL"", ""TRANSITION_SOUNDNESS_FAIL""]",0.6605483834942181,67,92,False,-1.4194516165057833
1,train,121000005,learned,0.75,1,2,"[71, 92]",False,False,"[""DELTA_MARGIN_FAIL"", ""REGION_GATE_FAIL"", ""TRANSITION_SOUNDNESS_FAIL""]",0.9718420349061487,280,71,True,-0.20103433609008964
1,train,121000005,learned,0.75,2,2,"[71, 92]",False,False,"[""DELTA_MARGIN_FAIL"", ""REGION_GATE_FAIL"", ""TRANSITION_SOUNDNESS_FAIL""]",0.9718420349061487,280,92,True,-0.20103433609008964
1,train,121000005,constant_matched,0.75,1,2,"[71, 92]",False,False,"[""DELTA_MARGIN_FAIL"", ""REGION_GATE_FAIL"", ""TRANSITION_SOUNDNESS_FAIL""]",0.9908225752413271,192,71,True,-1.0891774247586743
1,train,121000005,constant_matched,0.75,2,2,"[71, 92]",False,False,"[""DELTA_MARGIN_FAIL"", ""REGION_GATE_FAIL"", ""TRANSITION_SOUNDNESS_FAIL""]",0.9908225752413271,192,92,True,-1.0891774247586743
1,train,121000005,learned,1.25,1,2,"[71, 92]",True,True,[],1.6197367248435814,,71,False,0.25786175295710534
1,train,121000005,learned,1.25,2,2,"[71, 92]",True,True,[],1.6197367248435814,,92,False,0.25786175295710534
1,train,121000005,constant_matched,1.25,1,2,"[71, 92]",False,False,"[""DELTA_MARGIN_FAIL"", ""REGION_GATE_FAIL"", ""TRANSITION_SOUNDNESS_FAIL""]",1.6513709587355452,258,71,True,-0.4286290412644564
1,train,121000005,constant_matched,1.25,2,2,"[71, 92]",False,False,"[""DELTA_MARGIN_FAIL"", ""REGION_GATE_FAIL"", ""TRANSITION_SOUNDNESS_FAIL""]",1.6513709587355452,258,92,True,-0.4286290412644564
1,train,121000005,learned,1.5,1,2,"[71, 92]",True,True,[],1.9436840698122975,,71,False,0.35143410354852644
1,train,121000005,learned,1.5,2,2,"[71, 92]",True,True,[],1.9436840698122975,,92,False,0.35143410354852644
1,train,121000005,constant_matched,1.5,1,2,"[71, 92]",False,False,"[""DELTA_MARGIN_FAIL"", ""REGION_GATE_FAIL"", ""TRANSITION_SOUNDNESS_FAIL""]",1.9816451504826542,291,71,True,-0.0983548495173474
1,train,121000005,constant_matched,1.5,2,2,"[71, 92]",False,False,"[""DELTA_MARGIN_FAIL"", ""REGION_GATE_FAIL"", ""TRANSITION_SOUNDNESS_FAIL""]",1.9816451504826542,291,92,True,-0.0983548495173474
1,train,121000005,learned,2.0,1,2,"[71, 92]",True,True,[],2.5915787597497304,,71,False,0.5385788047313687
1,train,121000005,learned,2.0,2,2,"[71, 92]",True,True,[],2.5915787597497304,,92,False,0.5385788047313687
1,train,121000005,constant_matched,2.0,1,2,"[71, 92]",True,True,[],2.6421935339768723,,71,False,0.5621935339768847
1,train,121000005,constant_matched,2.0,2,2,"[71, 92]",True,True,[],2.6421935339768723,,92,False,0.5621935339768847
2,train,121000009,learned,1.0,1,2,"[77, 157]",True,True,[],1.2204842805862426,,77,False,0.18739459037780626
2,train,121000009,learned,1.0,2,2,"[77, 157]",True,True,[],1.2204842805862426,,157,False,0.18739459037780626
2,train,121000009,constant_matched,1.0,1,2,"[77, 157]",False,False,"[""DELTA_MARGIN_FAIL"", ""REGION_GATE_FAIL"", ""TRANSITION_SOUNDNESS_FAIL""]",1.3210967669884361,290,77,True,-0.10890323301156488
2,train,121000009,constant_matched,1.0,2,2,"[77, 157]",False,False,"[""DELTA_MARGIN_FAIL"", ""REGION_GATE_FAIL"", ""TRANSITION_SOUNDNESS_FAIL""]",1.3210967669884361,290,157,True,-0.10890323301156488
2,train,121000009,constant_train_max,1.0,1,2,"[77, 157]",True,True,[],2.89,,77,False,1.4600000000000186
2,train,121000009,constant_train_max,1.0,2,2,"[77, 157]",True,True,[],2.89,,157,False,1.4600000000000186
2,train,121000009,constant_H_eta,1.0,1,2,"[77, 157]",True,True,[],3.0,,77,False,1.570000000000021
2,train,121000009,constant_H_eta,1.0,2,2,"[77, 157]",True,True,[],3.0,,157,False,1.570000000000021
2,train,121000009,learned,0.5,1,2,"[77, 157]",False,False,"[""DELTA_MARGIN_FAIL"", ""REGION_GATE_FAIL"", ""TRANSITION_SOUNDNESS_FAIL""]",0.6102421402931213,52,77,False,-0.6213027048110972
2,train,121000009,learned,0.5,2,2,"[77, 157]",False,False,"[""DELTA_MARGIN_FAIL"", ""REGION_GATE_FAIL"", ""TRANSITION_SOUNDNESS_FAIL""]",0.6102421402931213,52,157,False,-0.6213027048110972
2,train,121000009,constant_matched,0.5,1,2,"[77, 157]",False,False,"[""DELTA_MARGIN_FAIL"", ""REGION_GATE_FAIL"", ""TRANSITION_SOUNDNESS_FAIL""]",0.6605483834942181,67,77,False,-0.7694516165057829
2,train,121000009,constant_matched,0.5,2,2,"[77, 157]",False,False,"[""DELTA_MARGIN_FAIL"", ""REGION_GATE_FAIL"", ""TRANSITION_SOUNDNESS_FAIL""]",0.6605483834942181,67,157,False,-0.7694516165057829
2,train,121000009,learned,0.75,1,2,"[77, 157]",False,False,"[""DELTA_MARGIN_FAIL"", ""REGION_GATE_FAIL"", ""TRANSITION_SOUNDNESS_FAIL""]",0.9153632104396818,153,77,True,-0.21695405721664546
2,train,121000009,learned,0.75,2,2,"[77, 157]",False,False,"[""DELTA_MARGIN_FAIL"", ""REGION_GATE_FAIL"", ""TRANSITION_SOUNDNESS_FAIL""]",0.9153632104396818,153,157,False,-0.21695405721664546
2,train,121000009,constant_matched,0.75,1,2,"[77, 157]",False,False,"[""DELTA_MARGIN_FAIL"", ""REGION_GATE_FAIL"", ""TRANSITION_SOUNDNESS_FAIL""]",0.9908225752413271,257,77,True,-0.4391774247586739
2,train,121000009,constant_matched,0.75,2,2,"[77, 157]",False,False,"[""DELTA_MARGIN_FAIL"", ""REGION_GATE_FAIL"", ""TRANSITION_SOUNDNESS_FAIL""]",0.9908225752413271,257,157,True,-0.4391774247586739
2,train,121000009,learned,1.25,1,2,"[77, 157]",True,True,[],1.5256053507328033,,77,False,0.4571745663881295
2,train,121000009,learned,1.25,2,2,"[77, 157]",True,True,[],1.5256053507328033,,157,False,0.4571745663881295
2,train,121000009,constant_matched,1.25,1,2,"[77, 157]",True,True,[],1.6513709587355452,,77,False,0.2213709587355439
2,train,121000009,constant_matched,1.25,2,2,"[77, 157]",True,True,[],1.6513709587355452,,157,False,0.2213709587355439
2,train,121000009,learned,1.5,1,2,"[77, 157]",True,True,[],1.8307264208793637,,77,False,0.7086094796657554
2,train,121000009,learned,1.5,2,2,"[77, 157]",True,True,[],1.8307264208793637,,157,False,0.7086094796657554
2,train,121000009,constant_matched,1.5,1,2,"[77, 157]",True,True,[],1.9816451504826542,,77,False,0.551645150482653
2,train,121000009,constant_matched,1.5,2,2,"[77, 157]",True,True,[],1.9816451504826542,,157,False,0.551645150482653
2,train,121000009,learned,2.0,1,2,"[77, 157]",True,True,[],2.440968561172485,,77,False,1.2114793062210076
2,train,121000009,learned,2.0,2,2,"[77, 157]",True,True,[],2.440968561172485,,157,False,1.2114793062210076
2,train,121000009,constant_matched,2.0,1,2,"[77, 157]",True,True,[],2.6421935339768723,,77,False,1.2121935339768852
2,train,121000009,constant_matched,2.0,2,2,"[77, 157]",True,True,[],2.6421935339768723,,157,False,1.2121935339768852
3,train,121000015,learned,1.0,1,1,[212],True,True,[],1.8409943222999572,,212,False,0.31386831283570094
3,train,121000015,learned,1.0,2,1,[212],True,False,"[""INSUFFICIENT_EVENTS""]",1.8409943222999572,,,False,0.31386831283570094
3,train,121000015,constant_matched,1.0,1,1,[212],False,False,"[""DELTA_MARGIN_FAIL"", ""REGION_GATE_FAIL"", ""TRANSITION_SOUNDNESS_FAIL""]",1.3210967669884361,133,212,False,-0.7989032330115654
3,train,121000015,constant_matched,1.0,2,1,[212],False,False,"[""DELTA_MARGIN_FAIL"", ""REGION_GATE_FAIL"", ""TRANSITION_SOUNDNESS_FAIL"", ""INSUFFICIENT_EVENTS""]",1.3210967669884361,133,,False,-0.7989032330115654
3,train,121000015,constant_train_max,1.0,1,1,[212],True,True,[],2.89,,212,False,0.770000000000018
3,train,121000015,constant_train_max,1.0,2,1,[212],True,False,"[""INSUFFICIENT_EVENTS""]",2.89,,,False,0.770000000000018
3,train,121000015,constant_H_eta,1.0,1,1,[212],True,True,[],3.0,,212,False,0.8800000000000203
3,train,121000015,constant_H_eta,1.0,2,1,[212],True,False,"[""INSUFFICIENT_EVENTS""]",3.0,,,False,0.8800000000000203
3,train,121000015,learned,0.5,1,1,[212],False,False,"[""DELTA_MARGIN_FAIL"", ""REGION_GATE_FAIL"", ""TRANSITION_SOUNDNESS_FAIL""]",0.9204971611499786,122,212,False,-0.9030658435821549
3,train,121000015,learned,0.5,2,1,[212],False,False,"[""DELTA_MARGIN_FAIL"", ""REGION_GATE_FAIL"", ""TRANSITION_SOUNDNESS_FAIL"", ""INSUFFICIENT_EVENTS""]",0.9204971611499786,122,,False,-0.9030658435821549
3,train,121000015,constant_matched,0.5,1,1,[212],False,False,"[""DELTA_MARGIN_FAIL"", ""REGION_GATE_FAIL"", ""TRANSITION_SOUNDNESS_FAIL""]",0.6605483834942181,67,212,False,-1.4594516165057834
3,train,121000015,constant_matched,0.5,2,1,[212],False,False,"[""DELTA_MARGIN_FAIL"", ""REGION_GATE_FAIL"", ""TRANSITION_SOUNDNESS_FAIL"", ""INSUFFICIENT_EVENTS""]",0.6605483834942181,67,,False,-1.4594516165057834
3,train,121000015,learned,0.75,1,1,[212],False,False,"[""DELTA_MARGIN_FAIL"", ""REGION_GATE_FAIL"", ""TRANSITION_SOUNDNESS_FAIL""]",1.3807457417249678,183,212,False,-0.29459876537323176
3,train,121000015,learned,0.75,2,1,[212],False,False,"[""DELTA_MARGIN_FAIL"", ""REGION_GATE_FAIL"", ""TRANSITION_SOUNDNESS_FAIL"", ""INSUFFICIENT_EVENTS""]",1.3807457417249678,183,,False,-0.29459876537323176
3,train,121000015,constant_matched,0.75,1,1,[212],False,False,"[""DELTA_MARGIN_FAIL"", ""REGION_GATE_FAIL"", ""TRANSITION_SOUNDNESS_FAIL""]",0.9908225752413271,100,212,False,-1.1291774247586743
3,train,121000015,constant_matched,0.75,2,1,[212],False,False,"[""DELTA_MARGIN_FAIL"", ""REGION_GATE_FAIL"", ""TRANSITION_SOUNDNESS_FAIL"", ""INSUFFICIENT_EVENTS""]",0.9908225752413271,100,,False,-1.1291774247586743
3,train,121000015,learned,1.25,1,1,[212],True,True,[],2.3012429028749466,,212,False,0.6801504147052757
3,train,121000015,learned,1.25,2,1,[212],True,False,"[""INSUFFICIENT_EVENTS""]",2.3012429028749466,,,False,0.6801504147052757
3,train,121000015,constant_matched,1.25,1,1,[212],False,False,"[""DELTA_MARGIN_FAIL"", ""REGION_GATE_FAIL"", ""TRANSITION_SOUNDNESS_FAIL""]",1.6513709587355452,166,212,False,-0.4686290412644564
3,train,121000015,constant_matched,1.25,2,1,[212],False,False,"[""DELTA_MARGIN_FAIL"", ""REGION_GATE_FAIL"", ""TRANSITION_SOUNDNESS_FAIL"", ""INSUFFICIENT_EVENTS""]",1.6513709587355452,166,,False,-0.4686290412644564
3,train,121000015,learned,1.5,1,1,[212],True,True,[],2.7614914834499356,,212,False,0.9921804976463309
3,train,121000015,learned,1.5,2,1,[212],True,False,"[""INSUFFICIENT_EVENTS""]",2.7614914834499356,,,False,0.9921804976463309
3,train,121000015,constant_matched,1.5,1,1,[212],False,False,"[""DELTA_MARGIN_FAIL"", ""REGION_GATE_FAIL"", ""TRANSITION_SOUNDNESS_FAIL""]",1.9816451504826542,199,212,False,-0.1383548495173474
3,train,121000015,constant_matched,1.5,2,1,[212],False,False,"[""DELTA_MARGIN_FAIL"", ""REGION_GATE_FAIL"", ""TRANSITION_SOUNDNESS_FAIL"", ""INSUFFICIENT_EVENTS""]",1.9816451504826542,199,,False,-0.1383548495173474
3,train,121000015,learned,2.0,1,1,[212],True,True,[],3.6819886445999144,,212,False,1.6162406635284523
3,train,121000015,learned,2.0,2,1,[212],True,False,"[""INSUFFICIENT_EVENTS""]",3.6819886445999144,,,False,1.6162406635284523
3,train,121000015,constant_matched,2.0,1,1,[212],True,True,[],2.6421935339768723,,212,False,0.5221935339768846
3,train,121000015,constant_matched,2.0,2,1,[212],True,False,"[""INSUFFICIENT_EVENTS""]",2.6421935339768723,,,False,0.5221935339768846
4,train,121000017,learned,1.0,1,1,[25],True,True,[],1.8062547162175178,,25,False,0.2339027315378186
4,train,121000017,learned,1.0,2,1,[25],True,False,"[""INSUFFICIENT_EVENTS""]",1.8062547162175178,,,False,0.2339027315378186
4,train,121000017,constant_matched,1.0,1,1,[25],False,False,"[""DELTA_MARGIN_FAIL"", ""REGION_GATE_FAIL"", ""TRANSITION_SOUNDNESS_FAIL""]",1.3210967669884361,158,25,True,-1.4289032330115659
4,train,121000017,constant_matched,1.0,2,1,[25],False,False,"[""DELTA_MARGIN_FAIL"", ""REGION_GATE_FAIL"", ""TRANSITION_SOUNDNESS_FAIL"", ""INSUFFICIENT_EVENTS""]",1.3210967669884361,158,,False,-1.4289032330115659
4,train,121000017,constant_train_max,1.0,1,1,[25],True,True,[],2.89,,25,False,0.14000000000001744
4,train,121000017,constant_train_max,1.0,2,1,[25],True,False,"[""INSUFFICIENT_EVENTS""]",2.89,,,False,0.14000000000001744
4,train,121000017,constant_H_eta,1.0,1,1,[25],True,True,[],3.0,,25,False,0.25000000000001976
4,train,121000017,constant_H_eta,1.0,2,1,[25],True,False,"[""INSUFFICIENT_EVENTS""]",3.0,,,False,0.25000000000001976
4,train,121000017,learned,0.5,1,1,[25],False,False,"[""DELTA_MARGIN_FAIL"", ""REGION_GATE_FAIL"", ""TRANSITION_SOUNDNESS_FAIL""]",0.9031273581087589,25,25,False,-1.1856966495513936
4,train,121000017,learned,0.5,2,1,[25],False,False,"[""DELTA_MARGIN_FAIL"", ""REGION_GATE_FAIL"", ""TRANSITION_SOUNDNESS_FAIL"", ""INSUFFICIENT_EVENTS""]",0.9031273581087589,25,,False,-1.1856966495513936
4,train,121000017,constant_matched,0.5,1,1,[25],False,False,"[""DELTA_MARGIN_FAIL"", ""REGION_GATE_FAIL"", ""TRANSITION_SOUNDNESS_FAIL""]",0.6605483834942181,92,25,True,-2.089451616505782
4,train,121000017,constant_matched,0.5,2,1,[25],False,False,"[""DELTA_MARGIN_FAIL"", ""REGION_GATE_FAIL"", ""TRANSITION_SOUNDNESS_FAIL"", ""INSUFFICIENT_EVENTS""]",0.6605483834942181,92,,False,-2.089451616505782
4,train,121000017,learned,0.75,1,1,[25],False,False,"[""DELTA_MARGIN_FAIL"", ""REGION_GATE_FAIL"", ""TRANSITION_SOUNDNESS_FAIL""]",1.3546910371631382,260,25,True,-0.4035449743270822
4,train,121000017,learned,0.75,2,1,[25],False,False,"[""DELTA_MARGIN_FAIL"", ""REGION_GATE_FAIL"", ""TRANSITION_SOUNDNESS_FAIL"", ""INSUFFICIENT_EVENTS""]",1.3546910371631382,260,,False,-0.4035449743270822
4,train,121000017,constant_matched,0.75,1,1,[25],False,False,"[""DELTA_MARGIN_FAIL"", ""REGION_GATE_FAIL"", ""TRANSITION_SOUNDNESS_FAIL""]",0.9908225752413271,125,25,True,-1.759177424758675
4,train,121000017,constant_matched,0.75,2,1,[25],False,False,"[""DELTA_MARGIN_FAIL"", ""REGION_GATE_FAIL"", ""TRANSITION_SOUNDNESS_FAIL"", ""INSUFFICIENT_EVENTS""]",0.9908225752413271,125,,False,-1.759177424758675
4,train,121000017,learned,1.25,1,1,[25],True,True,[],2.2578183952718973,,25,False,0.3548784144222733
4,train,121000017,learned,1.25,2,1,[25],True,False,"[""INSUFFICIENT_EVENTS""]",2.2578183952718973,,,False,0.3548784144222733
4,train,121000017,constant_matched,1.25,1,1,[25],False,False,"[""DELTA_MARGIN_FAIL"", ""REGION_GATE_FAIL"", ""TRANSITION_SOUNDNESS_FAIL""]",1.6513709587355452,191,25,True,-1.0986290412644568
4,train,121000017,constant_matched,1.25,2,1,[25],False,False,"[""DELTA_MARGIN_FAIL"", ""REGION_GATE_FAIL"", ""TRANSITION_SOUNDNESS_FAIL"", ""INSUFFICIENT_EVENTS""]",1.6513709587355452,191,,False,-1.0986290412644568
4,train,121000017,learned,1.5,1,1,[25],True,True,[],2.7093820743262764,,25,False,0.475854097306728
4,train,121000017,learned,1.5,2,1,[25],True,False,"[""INSUFFICIENT_EVENTS""]",2.7093820743262764,,,False,0.475854097306728
4,train,121000017,constant_matched,1.5,1,1,[25],False,False,"[""DELTA_MARGIN_FAIL"", ""REGION_GATE_FAIL"", ""TRANSITION_SOUNDNESS_FAIL""]",1.9816451504826542,224,25,True,-0.7683548495173479
4,train,121000017,constant_matched,1.5,2,1,[25],False,False,"[""DELTA_MARGIN_FAIL"", ""REGION_GATE_FAIL"", ""TRANSITION_SOUNDNESS_FAIL"", ""INSUFFICIENT_EVENTS""]",1.9816451504826542,224,,False,-0.7683548495173479
4,train,121000017,learned,2.0,1,1,[25],True,True,[],3.6125094324350355,,25,False,0.7178054630756374
4,train,121000017,learned,2.0,2,1,[25],True,False,"[""INSUFFICIENT_EVENTS""]",3.6125094324350355,,,False,0.7178054630756374
4,train,121000017,constant_matched,2.0,1,1,[25],False,False,"[""DELTA_MARGIN_FAIL"", ""REGION_GATE_FAIL"", ""TRANSITION_SOUNDNESS_FAIL""]",2.6421935339768723,290,25,True,-0.1078064660231157
4,train,121000017,constant_matched,2.0,2,1,[25],False,False,"[""DELTA_MARGIN_FAIL"", ""REGION_GATE_FAIL"", ""TRANSITION_SOUNDNESS_FAIL"", ""INSUFFICIENT_EVENTS""]",2.6421935339768723,290,,False,-0.1078064660231157
5,train,121000019,learned,1.0,1,1,[85],True,True,[],1.6855503857135772,,85,False,1.4675760606763788e-15
5,train,121000019,learned,1.0,2,1,[85],True,False,"[""INSUFFICIENT_EVENTS""]",1.6855503857135772,,,False,1.4675760606763788e-15
5,train,121000019,constant_matched,1.0,1,1,[85],False,False,"[""DELTA_MARGIN_FAIL"", ""REGION_GATE_FAIL"", ""TRANSITION_SOUNDNESS_FAIL""]",1.3210967669884361,218,85,True,-0.8289032330115654
5,train,121000019,constant_matched,1.0,2,1,[85],False,False,"[""DELTA_MARGIN_FAIL"", ""REGION_GATE_FAIL"", ""TRANSITION_SOUNDNESS_FAIL"", ""INSUFFICIENT_EVENTS""]",1.3210967669884361,218,,False,-0.8289032330115654
5,train,121000019,constant_train_max,1.0,1,1,[85],True,True,[],2.89,,85,False,0.740000000000018
5,train,121000019,constant_train_max,1.0,2,1,[85],True,False,"[""INSUFFICIENT_EVENTS""]",2.89,,,False,0.740000000000018
5,train,121000019,constant_H_eta,1.0,1,1,[85],True,True,[],3.0,,85,False,0.8500000000000203
5,train,121000019,constant_H_eta,1.0,2,1,[85],True,False,"[""INSUFFICIENT_EVENTS""]",3.0,,,False,0.8500000000000203
5,train,121000019,learned,0.5,1,1,[85],False,False,"[""DELTA_MARGIN_FAIL"", ""REGION_GATE_FAIL"", ""TRANSITION_SOUNDNESS_FAIL""]",0.8427751928567886,62,85,False,-1.0750000000000015
5,train,121000019,learned,0.5,2,1,[85],False,False,"[""DELTA_MARGIN_FAIL"", ""REGION_GATE_FAIL"", ""TRANSITION_SOUNDNESS_FAIL"", ""INSUFFICIENT_EVENTS""]",0.8427751928567886,62,,False,-1.0750000000000015
5,train,121000019,constant_matched,0.5,1,1,[85],False,False,"[""DELTA_MARGIN_FAIL"", ""REGION_GATE_FAIL"", ""TRANSITION_SOUNDNESS_FAIL""]",0.6605483834942181,67,85,False,-1.4894516165057834
5,train,121000019,constant_matched,0.5,2,1,[85],False,False,"[""DELTA_MARGIN_FAIL"", ""REGION_GATE_FAIL"", ""TRANSITION_SOUNDNESS_FAIL"", ""INSUFFICIENT_EVENTS""]",0.6605483834942181,67,,False,-1.4894516165057834
5,train,121000019,learned,0.75,1,1,[85],False,False,"[""DELTA_MARGIN_FAIL"", ""REGION_GATE_FAIL"", ""TRANSITION_SOUNDNESS_FAIL""]",1.2641627892851828,247,85,True,-0.5375000000000018
5,train,121000019,learned,0.75,2,1,[85],False,False,"[""DELTA_MARGIN_FAIL"", ""REGION_GATE_FAIL"", ""TRANSITION_SOUNDNESS_FAIL"", ""INSUFFICIENT_EVENTS""]",1.2641627892851828,247,,False,-0.5375000000000018
5,train,121000019,constant_matched,0.75,1,1,[85],False,False,"[""DELTA_MARGIN_FAIL"", ""REGION_GATE_FAIL"", ""TRANSITION_SOUNDNESS_FAIL""]",0.9908225752413271,185,85,True,-1.1591774247586744
5,train,121000019,constant_matched,0.75,2,1,[85],False,False,"[""DELTA_MARGIN_FAIL"", ""REGION_GATE_FAIL"", ""TRANSITION_SOUNDNESS_FAIL"", ""INSUFFICIENT_EVENTS""]",0.9908225752413271,185,,False,-1.1591774247586744
5,train,121000019,learned,1.25,1,1,[85],True,True,[],2.1069379821419716,,85,False,0.5375000000000132
5,train,121000019,learned,1.25,2,1,[85],True,False,"[""INSUFFICIENT_EVENTS""]",2.1069379821419716,,,False,0.5375000000000132
5,train,121000019,constant_matched,1.25,1,1,[85],False,False,"[""DELTA_MARGIN_FAIL"", ""REGION_GATE_FAIL"", ""TRANSITION_SOUNDNESS_FAIL""]",1.6513709587355452,251,85,True,-0.49862904126445645
5,train,121000019,constant_matched,1.25,2,1,[85],False,False,"[""DELTA_MARGIN_FAIL"", ""REGION_GATE_FAIL"", ""TRANSITION_SOUNDNESS_FAIL"", ""INSUFFICIENT_EVENTS""]",1.6513709587355452,251,,False,-0.49862904126445645
5,train,121000019,learned,1.5,1,1,[85],True,True,[],2.5283255785703656,,85,False,0.9816511571407309
5,train,121000019,learned,1.5,2,1,[85],True,False,"[""INSUFFICIENT_EVENTS""]",2.5283255785703656,,,False,0.9816511571407309
5,train,121000019,constant_matched,1.5,1,1,[85],False,False,"[""DELTA_MARGIN_FAIL"", ""REGION_GATE_FAIL"", ""TRANSITION_SOUNDNESS_FAIL""]",1.9816451504826542,284,85,True,-0.16835484951734742
5,train,121000019,constant_matched,1.5,2,1,[85],False,False,"[""DELTA_MARGIN_FAIL"", ""REGION_GATE_FAIL"", ""TRANSITION_SOUNDNESS_FAIL"", ""INSUFFICIENT_EVENTS""]",1.9816451504826542,284,,False,-0.16835484951734742
5,train,121000019,learned,2.0,1,1,[85],True,True,[],3.3711007714271544,,85,False,1.592201542854318
5,train,121000019,learned,2.0,2,1,[85],True,False,"[""INSUFFICIENT_EVENTS""]",3.3711007714271544,,,False,1.592201542854318
5,train,121000019,constant_matched,2.0,1,1,[85],True,True,[],2.6421935339768723,,85,False,0.4921935339768846
5,train,121000019,constant_matched,2.0,2,1,[85],True,False,"[""INSUFFICIENT_EVENTS""]",2.6421935339768723,,,False,0.4921935339768846
6,train,121000025,learned,1.0,1,2,"[171, 259]",True,True,[],1.31632338364919,,171,False,0.1989486837387069
6,train,121000025,learned,1.0,2,2,"[171, 259]",True,True,[],1.31632338364919,,259,False,0.1989486837387069
6,train,121000025,constant_matched,1.0,1,2,"[171, 259]",False,False,"[""DELTA_MARGIN_FAIL"", ""REGION_GATE_FAIL"", ""TRANSITION_SOUNDNESS_FAIL""]",1.3210967669884361,133,171,False,-0.3889032330115651
6,train,121000025,constant_matched,1.0,2,2,"[171, 259]",False,False,"[""DELTA_MARGIN_FAIL"", ""REGION_GATE_FAIL"", ""TRANSITION_SOUNDNESS_FAIL""]",1.3210967669884361,133,259,False,-0.3889032330115651
6,train,121000025,constant_train_max,1.0,1,2,"[171, 259]",True,True,[],2.89,,171,False,1.1800000000000184
6,train,121000025,constant_train_max,1.0,2,2,"[171, 259]",True,True,[],2.89,,259,False,1.1800000000000184
6,train,121000025,constant_H_eta,1.0,1,2,"[171, 259]",True,True,[],3.0,,171,False,1.2900000000000207
6,train,121000025,constant_H_eta,1.0,2,2,"[171, 259]",True,True,[],3.0,,259,False,1.2900000000000207
6,train,121000025,learned,0.5,1,2,"[171, 259]",False,False,"[""DELTA_MARGIN_FAIL"", ""REGION_GATE_FAIL"", ""TRANSITION_SOUNDNESS_FAIL""]",0.658161691824595,96,171,False,-0.755525658130647
6,train,121000025,learned,0.5,2,2,"[171, 259]",False,False,"[""DELTA_MARGIN_FAIL"", ""REGION_GATE_FAIL"", ""TRANSITION_SOUNDNESS_FAIL""]",0.658161691824595,96,259,False,-0.755525658130647
6,train,121000025,constant_matched,0.5,1,2,"[171, 259]",False,False,"[""DELTA_MARGIN_FAIL"", ""REGION_GATE_FAIL"", ""TRANSITION_SOUNDNESS_FAIL""]",0.6605483834942181,67,171,False,-1.049451616505783
6,train,121000025,constant_matched,0.5,2,2,"[171, 259]",False,False,"[""DELTA_MARGIN_FAIL"", ""REGION_GATE_FAIL"", ""TRANSITION_SOUNDNESS_FAIL""]",0.6605483834942181,67,259,False,-1.049451616505783
6,train,121000025,learned,0.75,1,2,"[171, 259]",False,False,"[""DELTA_MARGIN_FAIL"", ""REGION_GATE_FAIL"", ""TRANSITION_SOUNDNESS_FAIL""]",0.9872425377368925,144,171,False,-0.27828848719597005
6,train,121000025,learned,0.75,2,2,"[171, 259]",False,False,"[""DELTA_MARGIN_FAIL"", ""REGION_GATE_FAIL"", ""TRANSITION_SOUNDNESS_FAIL""]",0.9872425377368925,144,259,False,-0.27828848719597005
6,train,121000025,constant_matched,0.75,1,2,"[171, 259]",False,False,"[""DELTA_MARGIN_FAIL"", ""REGION_GATE_FAIL"", ""TRANSITION_SOUNDNESS_FAIL""]",0.9908225752413271,100,171,False,-0.7191774247586741
6,train,121000025,constant_matched,0.75,2,2,"[171, 259]",False,False,"[""DELTA_MARGIN_FAIL"", ""REGION_GATE_FAIL"", ""TRANSITION_SOUNDNESS_FAIL""]",0.9908225752413271,100,259,False,-0.7191774247586741
6,train,121000025,learned,1.25,1,2,"[171, 259]",True,True,[],1.645404229561488,,171,False,0.5813942354917518
6,train,121000025,learned,1.25,2,2,"[171, 259]",True,True,[],1.645404229561488,,259,False,0.5813942354917518
6,train,121000025,constant_matched,1.25,1,2,"[171, 259]",False,False,"[""DELTA_MARGIN_FAIL"", ""REGION_GATE_FAIL"", ""TRANSITION_SOUNDNESS_FAIL""]",1.6513709587355452,166,171,False,-0.05862904126445616
6,train,121000025,constant_matched,1.25,2,2,"[171, 259]",False,False,"[""DELTA_MARGIN_FAIL"", ""REGION_GATE_FAIL"", ""TRANSITION_SOUNDNESS_FAIL""]",1.6513709587355452,166,259,False,-0.05862904126445616
6,train,121000025,learned,1.5,1,2,"[171, 259]",True,True,[],1.974485075473785,,171,False,0.8736730825901022
6,train,121000025,learned,1.5,2,2,"[171, 259]",True,True,[],1.974485075473785,,259,False,0.8736730825901022
6,train,121000025,constant_matched,1.5,1,2,"[171, 259]",True,True,[],1.9816451504826542,,171,False,0.2716451504826527
6,train,121000025,constant_matched,1.5,2,2,"[171, 259]",True,True,[],1.9816451504826542,,259,False,0.2716451504826527
6,train,121000025,learned,2.0,1,2,"[171, 259]",True,True,[],2.63264676729838,,171,False,1.3318121576309199
6,train,121000025,learned,2.0,2,2,"[171, 259]",True,True,[],2.63264676729838,,259,False,1.3318121576309199
6,train,121000025,constant_matched,2.0,1,2,"[171, 259]",True,True,[],2.6421935339768723,,171,False,0.932193533976885
6,train,121000025,constant_matched,2.0,2,2,"[171, 259]",True,True,[],2.6421935339768723,,259,False,0.932193533976885
7,train,121000029,learned,1.0,1,4,"[10, 116, 232, 259]",True,True,[],0.8381203323602676,,10,False,0.14547621250152476
7,train,121000029,learned,1.0,2,4,"[10, 116, 232, 259]",True,True,[],0.8381203323602676,,116,False,0.14547621250152476
7,train,121000029,constant_matched,1.0,1,4,"[10, 116, 232, 259]",True,True,[],1.3210967669884361,,10,False,0.16109676698843511
7,train,121000029,constant_matched,1.0,2,4,"[10, 116, 232, 259]",True,True,[],1.3210967669884361,,116,False,0.16109676698843511
7,train,121000029,constant_train_max,1.0,1,4,"[10, 116, 232, 259]",True,True,[],2.89,,10,False,1.7300000000000189
7,train,121000029,constant_train_max,1.0,2,4,"[10, 116, 232, 259]",True,True,[],2.89,,116,False,1.7300000000000189
7,train,121000029,constant_H_eta,1.0,1,4,"[10, 116, 232, 259]",True,True,[],3.0,,10,False,1.8400000000000212
7,train,121000029,constant_H_eta,1.0,2,4,"[10, 116, 232, 259]",True,True,[],3.0,,116,False,1.8400000000000212
7,train,121000029,learned,0.5,1,4,"[10, 116, 232, 259]",False,False,"[""DELTA_MARGIN_FAIL"", ""REGION_GATE_FAIL"", ""TRANSITION_SOUNDNESS_FAIL""]",0.4190601661801338,75,10,True,-0.5072618937492378
7,train,121000029,learned,0.5,2,4,"[10, 116, 232, 259]",False,False,"[""DELTA_MARGIN_FAIL"", ""REGION_GATE_FAIL"", ""TRANSITION_SOUNDNESS_FAIL""]",0.4190601661801338,75,116,False,-0.5072618937492378
7,train,121000029,constant_matched,0.5,1,4,"[10, 116, 232, 259]",False,False,"[""DELTA_MARGIN_FAIL"", ""REGION_GATE_FAIL"", ""TRANSITION_SOUNDNESS_FAIL""]",0.6605483834942181,77,10,True,-0.4994516165057827
7,train,121000029,constant_matched,0.5,2,4,"[10, 116, 232, 259]",False,False,"[""DELTA_MARGIN_FAIL"", ""REGION_GATE_FAIL"", ""TRANSITION_SOUNDNESS_FAIL""]",0.6605483834942181,77,116,False,-0.4994516165057827
7,train,121000029,learned,0.75,1,4,"[10, 116, 232, 259]",False,False,"[""DELTA_MARGIN_FAIL"", ""REGION_GATE_FAIL"", ""TRANSITION_SOUNDNESS_FAIL""]",0.6285902492702007,107,10,True,-0.1808928406238564
7,train,121000029,learned,0.75,2,4,"[10, 116, 232, 259]",False,False,"[""DELTA_MARGIN_FAIL"", ""REGION_GATE_FAIL"", ""TRANSITION_SOUNDNESS_FAIL""]",0.6285902492702007,107,116,False,-0.1808928406238564
7,train,121000029,constant_matched,0.75,1,4,"[10, 116, 232, 259]",False,False,"[""DELTA_MARGIN_FAIL"", ""REGION_GATE_FAIL"", ""TRANSITION_SOUNDNESS_FAIL""]",0.9908225752413271,110,10,True,-0.16917742475867364
7,train,121000029,constant_matched,0.75,2,4,"[10, 116, 232, 259]",False,False,"[""DELTA_MARGIN_FAIL"", ""REGION_GATE_FAIL"", ""TRANSITION_SOUNDNESS_FAIL""]",0.9908225752413271,110,116,False,-0.16917742475867364
7,train,121000029,learned,1.25,1,4,"[10, 116, 232, 259]",True,True,[],1.0476504154503345,,10,False,0.31035207599401426
7,train,121000029,learned,1.25,2,4,"[10, 116, 232, 259]",True,True,[],1.0476504154503345,,116,False,0.31035207599401426
7,train,121000029,constant_matched,1.25,1,4,"[10, 116, 232, 259]",True,True,[],1.651370958735545,,10,False,0.49137095873554415
7,train,121000029,constant_matched,1.25,2,4,"[10, 116, 232, 259]",True,True,[],1.651370958735545,,116,False,0.49137095873554415
7,train,121000029,learned,1.5,1,4,"[10, 116, 232, 259]",True,True,[],1.2571804985404014,,10,False,0.4544224911928172
7,train,121000029,learned,1.5,2,4,"[10, 116, 232, 259]",True,True,[],1.2571804985404014,,116,False,0.4544224911928172
7,train,121000029,constant_matched,1.5,1,4,"[10, 116, 232, 259]",True,True,[],1.9816451504826542,,10,False,0.8216451504826532
7,train,121000029,constant_matched,1.5,2,4,"[10, 116, 232, 259]",True,True,[],1.9816451504826542,,116,False,0.8216451504826532
7,train,121000029,learned,2.0,1,4,"[10, 116, 232, 259]",True,True,[],1.6762406647205352,,10,False,0.742563321590423
7,train,121000029,learned,2.0,2,4,"[10, 116, 232, 259]",True,True,[],1.6762406647205352,,116,False,0.742563321590423
7,train,121000029,constant_matched,2.0,1,4,"[10, 116, 232, 259]",True,True,[],2.6421935339768723,,10,False,1.4821935339768855
7,train,121000029,constant_matched,2.0,2,4,"[10, 116, 232, 259]",True,True,[],2.6421935339768723,,116,False,1.4821935339768855
8,train,121000031,learned,1.0,1,2,"[196, 290]",True,True,[],1.4314089556535083,,196,False,0.3260377264022818
8,train,121000031,learned,1.0,2,2,"[196, 290]",True,True,[],1.4314089556535083,,290,False,0.3260377264022818
8,train,121000031,constant_matched,1.0,1,2,"[196, 290]",False,False,"[""DELTA_MARGIN_FAIL"", ""REGION_GATE_FAIL"", ""TRANSITION_SOUNDNESS_FAIL""]",1.3210967669884361,133,196,False,-0.6389032330115653
8,train,121000031,constant_matched,1.0,2,2,"[196, 290]",False,False,"[""DELTA_MARGIN_FAIL"", ""REGION_GATE_FAIL"", ""TRANSITION_SOUNDNESS_FAIL""]",1.3210967669884361,133,290,False,-0.6389032330115653
8,train,121000031,constant_train_max,1.0,1,2,"[196, 290]",True,True,[],2.89,,196,False,0.9300000000000181
8,train,121000031,constant_train_max,1.0,2,2,"[196, 290]",True,True,[],2.89,,290,False,0.9300000000000181
8,train,121000031,constant_H_eta,1.0,1,2,"[196, 290]",True,True,[],3.0,,196,False,1.0400000000000205
8,train,121000031,constant_H_eta,1.0,2,2,"[196, 290]",True,True,[],3.0,,290,False,1.0400000000000205
8,train,121000031,learned,0.5,1,2,"[196, 290]",False,False,"[""DELTA_MARGIN_FAIL"", ""REGION_GATE_FAIL"", ""TRANSITION_SOUNDNESS_FAIL""]",0.7157044778267542,116,196,False,-0.8030824756622329
8,train,121000031,learned,0.5,2,2,"[196, 290]",False,False,"[""DELTA_MARGIN_FAIL"", ""REGION_GATE_FAIL"", ""TRANSITION_SOUNDNESS_FAIL""]",0.7157044778267542,116,290,False,-0.8030824756622329
8,train,121000031,constant_matched,0.5,1,2,"[196, 290]",False,False,"[""DELTA_MARGIN_FAIL"", ""REGION_GATE_FAIL"", ""TRANSITION_SOUNDNESS_FAIL""]",0.6605483834942181,67,196,False,-1.2994516165057832
8,train,121000031,constant_matched,0.5,2,2,"[196, 290]",False,False,"[""DELTA_MARGIN_FAIL"", ""REGION_GATE_FAIL"", ""TRANSITION_SOUNDNESS_FAIL""]",0.6605483834942181,67,290,False,-1.2994516165057832
8,train,121000031,learned,0.75,1,2,"[196, 290]",False,False,"[""DELTA_MARGIN_FAIL"", ""REGION_GATE_FAIL"", ""TRANSITION_SOUNDNESS_FAIL""]",1.0735567167401312,174,196,False,-0.2246237134933488
8,train,121000031,learned,0.75,2,2,"[196, 290]",False,False,"[""DELTA_MARGIN_FAIL"", ""REGION_GATE_FAIL"", ""TRANSITION_SOUNDNESS_FAIL""]",1.0735567167401312,174,290,False,-0.2246237134933488
8,train,121000031,constant_matched,0.75,1,2,"[196, 290]",False,False,"[""DELTA_MARGIN_FAIL"", ""REGION_GATE_FAIL"", ""TRANSITION_SOUNDNESS_FAIL""]",0.9908225752413271,100,196,False,-0.9691774247586743
8,train,121000031,constant_matched,0.75,2,2,"[196, 290]",False,False,"[""DELTA_MARGIN_FAIL"", ""REGION_GATE_FAIL"", ""TRANSITION_SOUNDNESS_FAIL""]",0.9908225752413271,100,290,False,-0.9691774247586743
8,train,121000031,learned,1.25,1,2,"[196, 290]",True,True,[],1.7892611945668857,,196,False,0.6425471580028526
8,train,121000031,learned,1.25,2,2,"[196, 290]",True,True,[],1.7892611945668857,,290,False,0.6425471580028526
8,train,121000031,constant_matched,1.25,1,2,"[196, 290]",False,False,"[""DELTA_MARGIN_FAIL"", ""REGION_GATE_FAIL"", ""TRANSITION_SOUNDNESS_FAIL""]",1.6513709587355452,166,196,False,-0.3086290412644563
8,train,121000031,constant_matched,1.25,2,2,"[196, 290]",False,False,"[""DELTA_MARGIN_FAIL"", ""REGION_GATE_FAIL"", ""TRANSITION_SOUNDNESS_FAIL""]",1.6513709587355452,166,290,False,-0.3086290412644563
8,train,121000031,learned,1.5,1,2,"[196, 290]",True,True,[],2.1471134334802624,,196,False,0.9590565896034231
8,train,121000031,learned,1.5,2,2,"[196, 290]",True,True,[],2.1471134334802624,,290,False,0.9590565896034231
8,train,121000031,constant_matched,1.5,1,2,"[196, 290]",True,True,[],1.9816451504826542,,196,False,0.021645150482652593
8,train,121000031,constant_matched,1.5,2,2,"[196, 290]",True,True,[],1.9816451504826542,,290,False,0.021645150482652593
8,train,121000031,learned,2.0,1,2,"[196, 290]",True,True,[],2.8628179113070167,,196,False,1.328708183765411
8,train,121000031,learned,2.0,2,2,"[196, 290]",True,True,[],2.8628179113070167,,290,False,1.328708183765411
8,train,121000031,constant_matched,2.0,1,2,"[196, 290]",True,True,[],2.6421935339768723,,196,False,0.6821935339768848
8,train,121000031,constant_matched,2.0,2,2,"[196, 290]",True,True,[],2.6421935339768723,,290,False,0.6821935339768848
9,train,121000035,learned,1.0,1,3,"[11, 230, 269]",True,True,[],1.337478445470333,,11,False,0.17285330057144122
9,train,121000035,learned,1.0,2,3,"[11, 230, 269]",True,True,[],1.337478445470333,,230,False,0.17285330057144122
9,train,121000035,constant_matched,1.0,1,3,"[11, 230, 269]",False,False,"[""DELTA_MARGIN_FAIL"", ""REGION_GATE_FAIL"", ""TRANSITION_SOUNDNESS_FAIL""]",1.3210967669884361,144,11,True,-0.8689032330115655
9,train,121000035,constant_matched,1.0,2,3,"[11, 230, 269]",False,False,"[""DELTA_MARGIN_FAIL"", ""REGION_GATE_FAIL"", ""TRANSITION_SOUNDNESS_FAIL""]",1.3210967669884361,144,230,False,-0.8689032330115655
9,train,121000035,constant_train_max,1.0,1,3,"[11, 230, 269]",True,True,[],2.89,,11,False,0.7000000000000179
9,train,121000035,constant_train_max,1.0,2,3,"[11, 230, 269]",True,True,[],2.89,,230,False,0.7000000000000179
9,train,121000035,constant_H_eta,1.0,1,3,"[11, 230, 269]",True,True,[],3.0,,11,False,0.8100000000000203
9,train,121000035,constant_H_eta,1.0,2,3,"[11, 230, 269]",True,True,[],3.0,,230,False,0.8100000000000203
9,train,121000035,learned,0.5,1,3,"[11, 230, 269]",False,False,"[""DELTA_MARGIN_FAIL"", ""REGION_GATE_FAIL"", ""TRANSITION_SOUNDNESS_FAIL""]",0.6687392227351665,132,11,True,-0.9825422668457048
9,train,121000035,learned,0.5,2,3,"[11, 230, 269]",False,False,"[""DELTA_MARGIN_FAIL"", ""REGION_GATE_FAIL"", ""TRANSITION_SOUNDNESS_FAIL""]",0.6687392227351665,132,230,False,-0.9825422668457048
9,train,121000035,constant_matched,0.5,1,3,"[11, 230, 269]",False,False,"[""DELTA_MARGIN_FAIL"", ""REGION_GATE_FAIL"", ""TRANSITION_SOUNDNESS_FAIL""]",0.6605483834942181,78,11,True,-1.5294516165057834
9,train,121000035,constant_matched,0.5,2,3,"[11, 230, 269]",False,False,"[""DELTA_MARGIN_FAIL"", ""REGION_GATE_FAIL"", ""TRANSITION_SOUNDNESS_FAIL""]",0.6605483834942181,78,230,False,-1.5294516165057834
9,train,121000035,learned,0.75,1,3,"[11, 230, 269]",False,False,"[""DELTA_MARGIN_FAIL"", ""REGION_GATE_FAIL"", ""TRANSITION_SOUNDNESS_FAIL""]",1.0031088341027496,193,11,True,-0.37881340026855653
9,train,121000035,learned,0.75,2,3,"[11, 230, 269]",False,False,"[""DELTA_MARGIN_FAIL"", ""REGION_GATE_FAIL"", ""TRANSITION_SOUNDNESS_FAIL""]",1.0031088341027496,193,230,False,-0.37881340026855653
9,train,121000035,constant_matched,0.75,1,3,"[11, 230, 269]",False,False,"[""DELTA_MARGIN_FAIL"", ""REGION_GATE_FAIL"", ""TRANSITION_SOUNDNESS_FAIL""]",0.9908225752413271,111,11,True,-1.1991774247586744
9,train,121000035,constant_matched,0.75,2,3,"[11, 230, 269]",False,False,"[""DELTA_MARGIN_FAIL"", ""REGION_GATE_FAIL"", ""TRANSITION_SOUNDNESS_FAIL""]",0.9908225752413271,111,230,False,-1.1991774247586744
9,train,121000035,learned,1.25,1,3,"[11, 230, 269]",True,True,[],1.6718480568379164,,11,False,0.3135666257143016
9,train,121000035,learned,1.25,2,3,"[11, 230, 269]",True,True,[],1.6718480568379164,,230,False,0.3135666257143016
9,train,121000035,constant_matched,1.25,1,3,"[11, 230, 269]",False,False,"[""DELTA_MARGIN_FAIL"", ""REGION_GATE_FAIL"", ""TRANSITION_SOUNDNESS_FAIL""]",1.6513709587355452,177,11,True,-0.5386290412644564
9,train,121000035,constant_matched,1.25,2,3,"[11, 230, 269]",False,False,"[""DELTA_MARGIN_FAIL"", ""REGION_GATE_FAIL"", ""TRANSITION_SOUNDNESS_FAIL""]",1.6513709587355452,177,230,False,-0.5386290412644564
9,train,121000035,learned,1.5,1,3,"[11, 230, 269]",True,True,[],2.0062176682054993,,11,False,0.454279950857162
9,train,121000035,learned,1.5,2,3,"[11, 230, 269]",True,True,[],2.0062176682054993,,230,False,0.454279950857162
9,train,121000035,constant_matched,1.5,1,3,"[11, 230, 269]",False,False,"[""DELTA_MARGIN_FAIL"", ""REGION_GATE_FAIL"", ""TRANSITION_SOUNDNESS_FAIL""]",1.9816451504826542,210,11,True,-0.20835484951734745
9,train,121000035,constant_matched,1.5,2,3,"[11, 230, 269]",False,False,"[""DELTA_MARGIN_FAIL"", ""REGION_GATE_FAIL"", ""TRANSITION_SOUNDNESS_FAIL""]",1.9816451504826542,210,230,False,-0.20835484951734745
9,train,121000035,learned,2.0,1,3,"[11, 230, 269]",True,True,[],2.674956890940666,,11,False,0.7357066011428828
9,train,121000035,learned,2.0,2,3,"[11, 230, 269]",True,True,[],2.674956890940666,,230,False,0.7357066011428828
9,train,121000035,constant_matched,2.0,1,3,"[11, 230, 269]",True,True,[],2.6421935339768723,,11,False,0.45219353397688455
9,train,121000035,constant_matched,2.0,2,3,"[11, 230, 269]",True,True,[],2.6421935339768723,,230,False,0.45219353397688455
10,train,121000039,learned,1.0,1,2,"[153, 199]",True,True,[],1.2155967742204665,,153,False,0.0035396093130108143
10,train,121000039,learned,1.0,2,2,"[153, 199]",True,True,[],1.2155967742204665,,199,False,0.0035396093130108143
10,train,121000039,constant_matched,1.0,1,2,"[153, 199]",False,False,"[""DELTA_MARGIN_FAIL"", ""REGION_GATE_FAIL"", ""TRANSITION_SOUNDNESS_FAIL""]",1.3210967669884361,133,153,False,-0.20890323301156494
10,train,121000039,constant_matched,1.0,2,2,"[153, 199]",False,False,"[""DELTA_MARGIN_FAIL"", ""REGION_GATE_FAIL"", ""TRANSITION_SOUNDNESS_FAIL""]",1.3210967669884361,133,199,False,-0.20890323301156494
10,train,121000039,constant_train_max,1.0,1,2,"[153, 199]",True,True,[],2.89,,153,False,1.3600000000000185
10,train,121000039,constant_train_max,1.0,2,2,"[153, 199]",True,True,[],2.89,,199,False,1.3600000000000185
10,train,121000039,constant_H_eta,1.0,1,2,"[153, 199]",True,True,[],3.0,,153,False,1.4700000000000208
10,train,121000039,constant_H_eta,1.0,2,2,"[153, 199]",True,True,[],3.0,,199,False,1.4700000000000208
10,train,121000039,learned,0.5,1,2,"[153, 199]",False,False,"[""DELTA_MARGIN_FAIL"", ""REGION_GATE_FAIL"", ""TRANSITION_SOUNDNESS_FAIL""]",0.6077983871102333,81,153,False,-0.727708535194398
10,train,121000039,learned,0.5,2,2,"[153, 199]",False,False,"[""DELTA_MARGIN_FAIL"", ""REGION_GATE_FAIL"", ""TRANSITION_SOUNDNESS_FAIL""]",0.6077983871102333,81,199,False,-0.727708535194398
10,train,121000039,constant_matched,0.5,1,2,"[153, 199]",False,False,"[""DELTA_MARGIN_FAIL"", ""REGION_GATE_FAIL"", ""TRANSITION_SOUNDNESS_FAIL""]",0.6605483834942181,67,153,False,-0.869451616505783
10,train,121000039,constant_matched,0.5,2,2,"[153, 199]",False,False,"[""DELTA_MARGIN_FAIL"", ""REGION_GATE_FAIL"", ""TRANSITION_SOUNDNESS_FAIL""]",0.6605483834942181,67,199,False,-0.869451616505783
10,train,121000039,learned,0.75,1,2,"[153, 199]",False,False,"[""DELTA_MARGIN_FAIL"", ""REGION_GATE_FAIL"", ""TRANSITION_SOUNDNESS_FAIL""]",0.9116975806653498,121,153,False,-0.3265628027915967
10,train,121000039,learned,0.75,2,2,"[153, 199]",False,False,"[""DELTA_MARGIN_FAIL"", ""REGION_GATE_FAIL"", ""TRANSITION_SOUNDNESS_FAIL""]",0.9116975806653498,121,199,False,-0.3265628027915967
10,train,121000039,constant_matched,0.75,1,2,"[153, 199]",False,False,"[""DELTA_MARGIN_FAIL"", ""REGION_GATE_FAIL"", ""TRANSITION_SOUNDNESS_FAIL""]",0.9908225752413271,100,153,False,-0.5391774247586739
10,train,121000039,constant_matched,0.75,2,2,"[153, 199]",False,False,"[""DELTA_MARGIN_FAIL"", ""REGION_GATE_FAIL"", ""TRANSITION_SOUNDNESS_FAIL""]",0.9908225752413271,100,199,False,-0.5391774247586739
10,train,121000039,learned,1.25,1,2,"[153, 199]",True,True,[],1.5194959677755833,,153,False,0.11942451164126346
10,train,121000039,learned,1.25,2,2,"[153, 199]",True,True,[],1.5194959677755833,,199,False,0.11942451164126346
10,train,121000039,constant_matched,1.25,1,2,"[153, 199]",True,True,[],1.6513709587355452,,153,False,0.12137095873554384
10,train,121000039,constant_matched,1.25,2,2,"[153, 199]",True,True,[],1.6513709587355452,,199,False,0.12137095873554384
10,train,121000039,learned,1.5,1,2,"[153, 199]",True,True,[],1.8233951613306996,,153,False,0.2353094139695162
10,train,121000039,learned,1.5,2,2,"[153, 199]",True,True,[],1.8233951613306996,,199,False,0.2353094139695162
10,train,121000039,constant_matched,1.5,1,2,"[153, 199]",True,True,[],1.9816451504826542,,153,False,0.45164515048265286
10,train,121000039,constant_matched,1.5,2,2,"[153, 199]",True,True,[],1.9816451504826542,,199,False,0.45164515048265286
10,train,121000039,learned,2.0,1,2,"[153, 199]",True,True,[],2.431193548440933,,153,False,0.46707921862602175
10,train,121000039,learned,2.0,2,2,"[153, 199]",True,True,[],2.431193548440933,,199,False,0.46707921862602175
10,train,121000039,constant_matched,2.0,1,2,"[153, 199]",True,True,[],2.6421935339768723,,153,False,1.1121935339768851
10,train,121000039,constant_matched,2.0,2,2,"[153, 199]",True,True,[],2.6421935339768723,,199,False,1.1121935339768851
11,train,121000043,learned,1.0,1,3,"[55, 189, 286]",True,True,[],1.0673596054315566,,55,False,0.10044329643249421
11,train,121000043,learned,1.0,2,3,"[55, 189, 286]",True,True,[],1.0673596054315566,,189,False,0.10044329643249421
11,train,121000043,constant_matched,1.0,1,3,"[55, 189, 286]",False,False,"[""DELTA_MARGIN_FAIL"", ""REGION_GATE_FAIL"", ""TRANSITION_SOUNDNESS_FAIL""]",1.3210967669884361,188,55,True,-0.018903233011564893
11,train,121000043,constant_matched,1.0,2,3,"[55, 189, 286]",False,False,"[""DELTA_MARGIN_FAIL"", ""REGION_GATE_FAIL"", ""TRANSITION_SOUNDNESS_FAIL""]",1.3210967669884361,188,189,False,-0.018903233011564893
11,train,121000043,constant_train_max,1.0,1,3,"[55, 189, 286]",True,True,[],2.89,,55,False,1.5500000000000187
11,train,121000043,constant_train_max,1.0,2,3,"[55, 189, 286]",True,True,[],2.89,,189,False,1.5500000000000187
11,train,121000043,constant_H_eta,1.0,1,3,"[55, 189, 286]",True,True,[],3.0,,55,False,1.660000000000021
11,train,121000043,constant_H_eta,1.0,2,3,"[55, 189, 286]",True,True,[],3.0,,189,False,1.660000000000021
11,train,121000043,learned,0.5,1,3,"[55, 189, 286]",False,False,"[""DELTA_MARGIN_FAIL"", ""REGION_GATE_FAIL"", ""TRANSITION_SOUNDNESS_FAIL""]",0.5336798027157783,40,55,False,-0.5503562831878671
11,train,121000043,learned,0.5,2,3,"[55, 189, 286]",False,False,"[""DELTA_MARGIN_FAIL"", ""REGION_GATE_FAIL"", ""TRANSITION_SOUNDNESS_FAIL""]",0.5336798027157783,40,189,False,-0.5503562831878671
11,train,121000043,constant_matched,0.5,1,3,"[55, 189, 286]",False,False,"[""DELTA_MARGIN_FAIL"", ""REGION_GATE_FAIL"", ""TRANSITION_SOUNDNESS_FAIL""]",0.6605483834942181,122,55,True,-0.6794516165057828
11,train,121000043,constant_matched,0.5,2,3,"[55, 189, 286]",False,False,"[""DELTA_MARGIN_FAIL"", ""REGION_GATE_FAIL"", ""TRANSITION_SOUNDNESS_FAIL""]",0.6605483834942181,122,189,False,-0.6794516165057828
11,train,121000043,learned,0.75,1,3,"[55, 189, 286]",False,False,"[""DELTA_MARGIN_FAIL"", ""REGION_GATE_FAIL"", ""TRANSITION_SOUNDNESS_FAIL""]",0.8005197040736673,174,55,True,-0.1671675276756293
11,train,121000043,learned,0.75,2,3,"[55, 189, 286]",False,False,"[""DELTA_MARGIN_FAIL"", ""REGION_GATE_FAIL"", ""TRANSITION_SOUNDNESS_FAIL""]",0.8005197040736673,174,189,False,-0.1671675276756293
11,train,121000043,constant_matched,0.75,1,3,"[55, 189, 286]",False,False,"[""DELTA_MARGIN_FAIL"", ""REGION_GATE_FAIL"", ""TRANSITION_SOUNDNESS_FAIL""]",0.9908225752413271,155,55,True,-0.3491774247586738
11,train,121000043,constant_matched,0.75,2,3,"[55, 189, 286]",False,False,"[""DELTA_MARGIN_FAIL"", ""REGION_GATE_FAIL"", ""TRANSITION_SOUNDNESS_FAIL""]",0.9908225752413271,155,189,False,-0.3491774247586738
11,train,121000043,learned,1.25,1,3,"[55, 189, 286]",True,True,[],1.3341995067894459,,55,False,0.36805412054061803
11,train,121000043,learned,1.25,2,3,"[55, 189, 286]",True,True,[],1.3341995067894459,,189,False,0.36805412054061803
11,train,121000043,constant_matched,1.25,1,3,"[55, 189, 286]",True,True,[],1.6513709587355452,,55,False,0.311370958735544
11,train,121000043,constant_matched,1.25,2,3,"[55, 189, 286]",True,True,[],1.6513709587355452,,189,False,0.311370958735544
11,train,121000043,learned,1.5,1,3,"[55, 189, 286]",True,True,[],1.6010394081473347,,55,False,0.6356649446487417
11,train,121000043,learned,1.5,2,3,"[55, 189, 286]",True,True,[],1.6010394081473347,,189,False,0.6356649446487417
11,train,121000043,constant_matched,1.5,1,3,"[55, 189, 286]",True,True,[],1.9816451504826542,,55,False,0.641645150482653
11,train,121000043,constant_matched,1.5,2,3,"[55, 189, 286]",True,True,[],1.9816451504826542,,189,False,0.641645150482653
11,train,121000043,learned,2.0,1,3,"[55, 189, 286]",True,True,[],2.1347192108631132,,55,False,1.034221410751342
11,train,121000043,learned,2.0,2,3,"[55, 189, 286]",True,True,[],2.1347192108631132,,189,False,1.034221410751342
11,train,121000043,constant_matched,2.0,1,3,"[55, 189, 286]",True,True,[],2.6421935339768723,,55,False,1.3021935339768853
11,train,121000043,constant_matched,2.0,2,3,"[55, 189, 286]",True,True,[],2.6421935339768723,,189,False,1.3021935339768853
12,internal_check,121000045,learned,1.0,1,3,"[88, 220, 261]",True,True,[],1.4830862820148467,,88,False,0.3228962922096248
12,internal_check,121000045,learned,1.0,2,3,"[88, 220, 261]",True,True,[],1.4830862820148467,,220,False,0.3228962922096248
12,internal_check,121000045,constant_matched,1.0,1,3,"[88, 220, 261]",True,True,[],1.3210967669884361,,88,False,0.001096766988435107
12,internal_check,121000045,constant_matched,1.0,2,3,"[88, 220, 261]",True,True,[],1.3210967669884361,,220,False,0.001096766988435107
12,internal_check,121000045,constant_train_max,1.0,1,3,"[88, 220, 261]",True,True,[],2.89,,88,False,1.5700000000000187
12,internal_check,121000045,constant_train_max,1.0,2,3,"[88, 220, 261]",True,True,[],2.89,,220,False,1.5700000000000187
12,internal_check,121000045,constant_H_eta,1.0,1,3,"[88, 220, 261]",True,True,[],3.0,,88,False,1.680000000000021
12,internal_check,121000045,constant_H_eta,1.0,2,3,"[88, 220, 261]",True,True,[],3.0,,220,False,1.680000000000021
12,internal_check,121000045,learned,0.5,1,3,"[88, 220, 261]",False,False,"[""DELTA_MARGIN_FAIL"", ""REGION_GATE_FAIL"", ""TRANSITION_SOUNDNESS_FAIL""]",0.7415431410074234,187,88,True,-0.339342827796937
12,internal_check,121000045,learned,0.5,2,3,"[88, 220, 261]",False,False,"[""DELTA_MARGIN_FAIL"", ""REGION_GATE_FAIL"", ""TRANSITION_SOUNDNESS_FAIL""]",0.7415431410074234,187,220,False,-0.339342827796937
12,internal_check,121000045,constant_matched,0.5,1,3,"[88, 220, 261]",False,False,"[""DELTA_MARGIN_FAIL"", ""REGION_GATE_FAIL"", ""TRANSITION_SOUNDNESS_FAIL""]",0.6605483834942181,67,88,False,-0.6594516165057828
12,internal_check,121000045,constant_matched,0.5,2,3,"[88, 220, 261]",False,False,"[""DELTA_MARGIN_FAIL"", ""REGION_GATE_FAIL"", ""TRANSITION_SOUNDNESS_FAIL""]",0.6605483834942181,67,220,False,-0.6594516165057828
12,internal_check,121000045,learned,0.75,1,3,"[88, 220, 261]",True,True,[],1.112314711511135,,88,False,0.1396722191572185
12,internal_check,121000045,learned,0.75,2,3,"[88, 220, 261]",True,True,[],1.112314711511135,,220,False,0.1396722191572185
12,internal_check,121000045,constant_matched,0.75,1,3,"[88, 220, 261]",False,False,"[""DELTA_MARGIN_FAIL"", ""REGION_GATE_FAIL"", ""TRANSITION_SOUNDNESS_FAIL""]",0.9908225752413271,188,88,True,-0.3291774247586738
12,internal_check,121000045,constant_matched,0.75,2,3,"[88, 220, 261]",False,False,"[""DELTA_MARGIN_FAIL"", ""REGION_GATE_FAIL"", ""TRANSITION_SOUNDNESS_FAIL""]",0.9908225752413271,188,220,False,-0.3291774247586738
12,internal_check,121000045,learned,1.25,1,3,"[88, 220, 261]",True,True,[],1.8538578525185585,,88,False,0.5061203652620311
12,internal_check,121000045,learned,1.25,2,3,"[88, 220, 261]",True,True,[],1.8538578525185585,,220,False,0.5061203652620311
12,internal_check,121000045,constant_matched,1.25,1,3,"[88, 220, 261]",True,True,[],1.6513709587355452,,88,False,0.331370958735544
12,internal_check,121000045,constant_matched,1.25,2,3,"[88, 220, 261]",True,True,[],1.6513709587355452,,220,False,0.331370958735544
12,internal_check,121000045,learned,1.5,1,3,"[88, 220, 261]",True,True,[],2.22462942302227,,88,False,0.6893444383144374
12,internal_check,121000045,learned,1.5,2,3,"[88, 220, 261]",True,True,[],2.22462942302227,,220,False,0.6893444383144374
12,internal_check,121000045,constant_matched,1.5,1,3,"[88, 220, 261]",True,True,[],1.9816451504826542,,88,False,0.661645150482653
12,internal_check,121000045,constant_matched,1.5,2,3,"[88, 220, 261]",True,True,[],1.9816451504826542,,220,False,0.661645150482653
12,internal_check,121000045,learned,2.0,1,3,"[88, 220, 261]",True,True,[],2.9661725640296934,,88,False,1.05579258441925
12,internal_check,121000045,learned,2.0,2,3,"[88, 220, 261]",True,True,[],2.9661725640296934,,220,False,1.05579258441925
12,internal_check,121000045,constant_matched,2.0,1,3,"[88, 220, 261]",True,True,[],2.6421935339768723,,88,False,1.3221935339768853
12,internal_check,121000045,constant_matched,2.0,2,3,"[88, 220, 261]",True,True,[],2.6421935339768723,,220,False,1.3221935339768853
13,internal_check,121000047,learned,1.0,1,2,"[14, 279]",False,False,"[""DELTA_MARGIN_FAIL"", ""REGION_GATE_FAIL"", ""TRANSITION_SOUNDNESS_FAIL""]",1.8518575370311734,255,14,True,-0.2479743957519464
13,internal_check,121000047,learned,1.0,2,2,"[14, 279]",False,False,"[""DELTA_MARGIN_FAIL"", ""REGION_GATE_FAIL"", ""TRANSITION_SOUNDNESS_FAIL""]",1.8518575370311734,255,279,False,-0.2479743957519464
13,internal_check,121000047,constant_matched,1.0,1,2,"[14, 279]",False,False,"[""DELTA_MARGIN_FAIL"", ""REGION_GATE_FAIL"", ""TRANSITION_SOUNDNESS_FAIL""]",1.3210967669884361,147,14,True,-1.3289032330115658
13,internal_check,121000047,constant_matched,1.0,2,2,"[14, 279]",False,False,"[""DELTA_MARGIN_FAIL"", ""REGION_GATE_FAIL"", ""TRANSITION_SOUNDNESS_FAIL""]",1.3210967669884361,147,279,False,-1.3289032330115658
13,internal_check,121000047,constant_train_max,1.0,1,2,"[14, 279]",True,True,[],2.89,,14,False,0.24000000000001753
13,internal_check,121000047,constant_train_max,1.0,2,2,"[14, 279]",True,True,[],2.89,,279,False,0.24000000000001753
13,internal_check,121000047,constant_H_eta,1.0,1,2,"[14, 279]",True,True,[],3.0,,14,False,0.35000000000001985
13,internal_check,121000047,constant_H_eta,1.0,2,2,"[14, 279]",True,True,[],3.0,,279,False,0.35000000000001985
13,internal_check,121000047,learned,0.5,1,2,"[14, 279]",False,False,"[""DELTA_MARGIN_FAIL"", ""REGION_GATE_FAIL"", ""TRANSITION_SOUNDNESS_FAIL""]",0.9259287685155867,135,14,True,-1.4489871978759785
13,internal_check,121000047,learned,0.5,2,2,"[14, 279]",False,False,"[""DELTA_MARGIN_FAIL"", ""REGION_GATE_FAIL"", ""TRANSITION_SOUNDNESS_FAIL""]",0.9259287685155867,135,279,False,-1.4489871978759785
13,internal_check,121000047,constant_matched,0.5,1,2,"[14, 279]",False,False,"[""DELTA_MARGIN_FAIL"", ""REGION_GATE_FAIL"", ""TRANSITION_SOUNDNESS_FAIL""]",0.6605483834942181,81,14,True,-1.9894516165057838
13,internal_check,121000047,constant_matched,0.5,2,2,"[14, 279]",False,False,"[""DELTA_MARGIN_FAIL"", ""REGION_GATE_FAIL"", ""TRANSITION_SOUNDNESS_FAIL""]",0.6605483834942181,81,279,False,-1.9894516165057838
13,internal_check,121000047,learned,0.75,1,2,"[14, 279]",False,False,"[""DELTA_MARGIN_FAIL"", ""REGION_GATE_FAIL"", ""TRANSITION_SOUNDNESS_FAIL""]",1.38889315277338,195,14,True,-0.848480796813967
13,internal_check,121000047,learned,0.75,2,2,"[14, 279]",False,False,"[""DELTA_MARGIN_FAIL"", ""REGION_GATE_FAIL"", ""TRANSITION_SOUNDNESS_FAIL""]",1.38889315277338,195,279,False,-0.848480796813967
13,internal_check,121000047,constant_matched,0.75,1,2,"[14, 279]",False,False,"[""DELTA_MARGIN_FAIL"", ""REGION_GATE_FAIL"", ""TRANSITION_SOUNDNESS_FAIL""]",0.9908225752413271,114,14,True,-1.6591774247586748
13,internal_check,121000047,constant_matched,0.75,2,2,"[14, 279]",False,False,"[""DELTA_MARGIN_FAIL"", ""REGION_GATE_FAIL"", ""TRANSITION_SOUNDNESS_FAIL""]",0.9908225752413271,114,279,False,-1.6591774247586748
13,internal_check,121000047,learned,1.25,1,2,"[14, 279]",True,True,[],2.314821921288967,,14,False,0.35253200531007844
13,internal_check,121000047,learned,1.25,2,2,"[14, 279]",True,True,[],2.314821921288967,,279,False,0.35253200531007844
13,internal_check,121000047,constant_matched,1.25,1,2,"[14, 279]",False,False,"[""DELTA_MARGIN_FAIL"", ""REGION_GATE_FAIL"", ""TRANSITION_SOUNDNESS_FAIL""]",1.6513709587355452,180,14,True,-0.9986290412644568
13,internal_check,121000047,constant_matched,1.25,2,2,"[14, 279]",False,False,"[""DELTA_MARGIN_FAIL"", ""REGION_GATE_FAIL"", ""TRANSITION_SOUNDNESS_FAIL""]",1.6513709587355452,180,279,False,-0.9986290412644568
13,internal_check,121000047,learned,1.5,1,2,"[14, 279]",True,True,[],2.77778630554676,,14,False,0.6230889028310773
13,internal_check,121000047,learned,1.5,2,2,"[14, 279]",True,True,[],2.77778630554676,,279,False,0.6230889028310773
13,internal_check,121000047,constant_matched,1.5,1,2,"[14, 279]",False,False,"[""DELTA_MARGIN_FAIL"", ""REGION_GATE_FAIL"", ""TRANSITION_SOUNDNESS_FAIL""]",1.9816451504826542,213,14,True,-0.6683548495173478
13,internal_check,121000047,constant_matched,1.5,2,2,"[14, 279]",False,False,"[""DELTA_MARGIN_FAIL"", ""REGION_GATE_FAIL"", ""TRANSITION_SOUNDNESS_FAIL""]",1.9816451504826542,213,279,False,-0.6683548495173478
13,internal_check,121000047,learned,2.0,1,2,"[14, 279]",True,True,[],3.703715074062347,,14,False,0.8774518704414365
13,internal_check,121000047,learned,2.0,2,2,"[14, 279]",True,True,[],3.703715074062347,,279,False,0.8774518704414365
13,internal_check,121000047,constant_matched,2.0,1,2,"[14, 279]",False,False,"[""DELTA_MARGIN_FAIL"", ""REGION_GATE_FAIL"", ""TRANSITION_SOUNDNESS_FAIL""]",2.6421935339768723,279,14,True,-0.0078064660231157105
13,internal_check,121000047,constant_matched,2.0,2,2,"[14, 279]",False,False,"[""DELTA_MARGIN_FAIL"", ""REGION_GATE_FAIL"", ""TRANSITION_SOUNDNESS_FAIL""]",2.6421935339768723,279,279,False,-0.0078064660231157105
14,internal_check,121000051,learned,1.0,1,2,"[46, 136]",True,True,[],2.460566981633504,,46,False,0.5196449756622306
14,internal_check,121000051,learned,1.0,2,2,"[46, 136]",True,True,[],2.460566981633504,,136,False,0.5196449756622306
14,internal_check,121000051,constant_matched,1.0,1,2,"[46, 136]",False,False,"[""DELTA_MARGIN_FAIL"", ""REGION_GATE_FAIL"", ""TRANSITION_SOUNDNESS_FAIL""]",1.3210967669884361,269,46,True,-0.31890323301156503
14,internal_check,121000051,constant_matched,1.0,2,2,"[46, 136]",False,False,"[""DELTA_MARGIN_FAIL"", ""REGION_GATE_FAIL"", ""TRANSITION_SOUNDNESS_FAIL""]",1.3210967669884361,269,136,True,-0.31890323301156503
14,internal_check,121000051,constant_train_max,1.0,1,2,"[46, 136]",True,True,[],2.89,,46,False,1.2500000000000184
14,internal_check,121000051,constant_train_max,1.0,2,2,"[46, 136]",True,True,[],2.89,,136,False,1.2500000000000184
14,internal_check,121000051,constant_H_eta,1.0,1,2,"[46, 136]",True,True,[],3.0,,46,False,1.3600000000000207
14,internal_check,121000051,constant_H_eta,1.0,2,2,"[46, 136]",True,True,[],3.0,,136,False,1.3600000000000207
14,internal_check,121000051,learned,0.5,1,2,"[46, 136]",False,False,"[""DELTA_MARGIN_FAIL"", ""REGION_GATE_FAIL"", ""TRANSITION_SOUNDNESS_FAIL""]",1.230283490816752,117,46,True,-0.19017751216888484
14,internal_check,121000051,learned,0.5,2,2,"[46, 136]",False,False,"[""DELTA_MARGIN_FAIL"", ""REGION_GATE_FAIL"", ""TRANSITION_SOUNDNESS_FAIL""]",1.230283490816752,117,136,False,-0.19017751216888484
14,internal_check,121000051,constant_matched,0.5,1,2,"[46, 136]",False,False,"[""DELTA_MARGIN_FAIL"", ""REGION_GATE_FAIL"", ""TRANSITION_SOUNDNESS_FAIL""]",0.6605483834942181,113,46,True,-0.979451616505783
14,internal_check,121000051,constant_matched,0.5,2,2,"[46, 136]",False,False,"[""DELTA_MARGIN_FAIL"", ""REGION_GATE_FAIL"", ""TRANSITION_SOUNDNESS_FAIL""]",0.6605483834942181,113,136,False,-0.979451616505783
14,internal_check,121000051,learned,0.75,1,2,"[46, 136]",True,True,[],1.845425236225128,,46,False,0.1647337317466726
14,internal_check,121000051,learned,0.75,2,2,"[46, 136]",True,True,[],1.845425236225128,,136,False,0.1647337317466726
14,internal_check,121000051,constant_matched,0.75,1,2,"[46, 136]",False,False,"[""DELTA_MARGIN_FAIL"", ""REGION_GATE_FAIL"", ""TRANSITION_SOUNDNESS_FAIL""]",0.9908225752413271,236,46,True,-0.649177424758674
14,internal_check,121000051,constant_matched,0.75,2,2,"[46, 136]",False,False,"[""DELTA_MARGIN_FAIL"", ""REGION_GATE_FAIL"", ""TRANSITION_SOUNDNESS_FAIL""]",0.9908225752413271,236,136,True,-0.649177424758674
14,internal_check,121000051,learned,1.25,1,2,"[46, 136]",True,True,[],3.07570872704188,,46,False,0.8745562195777885
14,internal_check,121000051,learned,1.25,2,2,"[46, 136]",True,True,[],3.07570872704188,,136,False,0.8745562195777885
14,internal_check,121000051,constant_matched,1.25,1,2,"[46, 136]",True,True,[],1.6513709587355452,,46,False,0.01137095873554385
14,internal_check,121000051,constant_matched,1.25,2,2,"[46, 136]",True,True,[],1.6513709587355452,,136,False,0.01137095873554385
14,internal_check,121000051,learned,1.5,1,2,"[46, 136]",True,True,[],3.690850472450256,,46,False,1.2294674634933487
14,internal_check,121000051,learned,1.5,2,2,"[46, 136]",True,True,[],3.690850472450256,,136,False,1.2294674634933487
14,internal_check,121000051,constant_matched,1.5,1,2,"[46, 136]",True,True,[],1.9816451504826542,,46,False,0.34164515048265276
14,internal_check,121000051,constant_matched,1.5,2,2,"[46, 136]",True,True,[],1.9816451504826542,,136,False,0.34164515048265276
14,internal_check,121000051,learned,2.0,1,2,"[46, 136]",True,True,[],4.921133963267008,,46,False,1.9392899513244803
14,internal_check,121000051,learned,2.0,2,2,"[46, 136]",True,True,[],4.921133963267008,,136,False,1.9392899513244803
14,internal_check,121000051,constant_matched,2.0,1,2,"[46, 136]",True,True,[],2.6421935339768723,,46,False,1.002193533976885
14,internal_check,121000051,constant_matched,2.0,2,2,"[46, 136]",True,True,[],2.6421935339768723,,136,False,1.002193533976885
15,internal_check,121000053,learned,1.0,1,3,"[174, 203, 230]",False,False,"[""DELTA_MARGIN_FAIL"", ""REGION_GATE_FAIL"", ""TRANSITION_SOUNDNESS_FAIL""]",1.019706679135561,66,174,False,-1.085331794023515
15,internal_check,121000053,learned,1.0,2,3,"[174, 203, 230]",False,False,"[""DELTA_MARGIN_FAIL"", ""REGION_GATE_FAIL"", ""TRANSITION_SOUNDNESS_FAIL""]",1.019706679135561,66,203,False,-1.085331794023515
15,internal_check,121000053,constant_matched,1.0,1,3,"[174, 203, 230]",False,False,"[""DELTA_MARGIN_FAIL"", ""REGION_GATE_FAIL"", ""TRANSITION_SOUNDNESS_FAIL""]",1.3210967669884361,133,174,False,-0.4189032330115651
15,internal_check,121000053,constant_matched,1.0,2,3,"[174, 203, 230]",False,False,"[""DELTA_MARGIN_FAIL"", ""REGION_GATE_FAIL"", ""TRANSITION_SOUNDNESS_FAIL""]",1.3210967669884361,133,203,False,-0.4189032330115651
15,internal_check,121000053,constant_train_max,1.0,1,3,"[174, 203, 230]",True,True,[],2.89,,174,False,1.1500000000000183
15,internal_check,121000053,constant_train_max,1.0,2,3,"[174, 203, 230]",True,True,[],2.89,,203,False,1.1500000000000183
15,internal_check,121000053,constant_H_eta,1.0,1,3,"[174, 203, 230]",True,True,[],3.0,,174,False,1.2600000000000207
15,internal_check,121000053,constant_H_eta,1.0,2,3,"[174, 203, 230]",True,True,[],3.0,,203,False,1.2600000000000207
15,internal_check,121000053,learned,0.5,1,3,"[174, 203, 230]",False,False,"[""DELTA_MARGIN_FAIL"", ""REGION_GATE_FAIL"", ""TRANSITION_SOUNDNESS_FAIL""]",0.5098533395677805,33,174,False,-1.412665897011758
15,internal_check,121000053,learned,0.5,2,3,"[174, 203, 230]",False,False,"[""DELTA_MARGIN_FAIL"", ""REGION_GATE_FAIL"", ""TRANSITION_SOUNDNESS_FAIL""]",0.5098533395677805,33,203,False,-1.412665897011758
15,internal_check,121000053,constant_matched,0.5,1,3,"[174, 203, 230]",False,False,"[""DELTA_MARGIN_FAIL"", ""REGION_GATE_FAIL"", ""TRANSITION_SOUNDNESS_FAIL""]",0.6605483834942181,67,174,False,-1.079451616505783
15,internal_check,121000053,constant_matched,0.5,2,3,"[174, 203, 230]",False,False,"[""DELTA_MARGIN_FAIL"", ""REGION_GATE_FAIL"", ""TRANSITION_SOUNDNESS_FAIL""]",0.6605483834942181,67,203,False,-1.079451616505783
15,internal_check,121000053,learned,0.75,1,3,"[174, 203, 230]",False,False,"[""DELTA_MARGIN_FAIL"", ""REGION_GATE_FAIL"", ""TRANSITION_SOUNDNESS_FAIL""]",0.7647800093516707,50,174,False,-1.2489988455176366
15,internal_check,121000053,learned,0.75,2,3,"[174, 203, 230]",False,False,"[""DELTA_MARGIN_FAIL"", ""REGION_GATE_FAIL"", ""TRANSITION_SOUNDNESS_FAIL""]",0.7647800093516707,50,203,False,-1.2489988455176366
15,internal_check,121000053,constant_matched,0.75,1,3,"[174, 203, 230]",False,False,"[""DELTA_MARGIN_FAIL"", ""REGION_GATE_FAIL"", ""TRANSITION_SOUNDNESS_FAIL""]",0.9908225752413271,100,174,False,-0.7491774247586741
15,internal_check,121000053,constant_matched,0.75,2,3,"[174, 203, 230]",False,False,"[""DELTA_MARGIN_FAIL"", ""REGION_GATE_FAIL"", ""TRANSITION_SOUNDNESS_FAIL""]",0.9908225752413271,100,203,False,-0.7491774247586741
15,internal_check,121000053,learned,1.25,1,3,"[174, 203, 230]",False,False,"[""DELTA_MARGIN_FAIL"", ""REGION_GATE_FAIL"", ""TRANSITION_SOUNDNESS_FAIL""]",1.2746333489194512,82,174,False,-0.9216647425293936
15,internal_check,121000053,learned,1.25,2,3,"[174, 203, 230]",False,False,"[""DELTA_MARGIN_FAIL"", ""REGION_GATE_FAIL"", ""TRANSITION_SOUNDNESS_FAIL""]",1.2746333489194512,82,203,False,-0.9216647425293936
15,internal_check,121000053,constant_matched,1.25,1,3,"[174, 203, 230]",False,False,"[""DELTA_MARGIN_FAIL"", ""REGION_GATE_FAIL"", ""TRANSITION_SOUNDNESS_FAIL""]",1.6513709587355452,166,174,False,-0.08862904126445614
15,internal_check,121000053,constant_matched,1.25,2,3,"[174, 203, 230]",False,False,"[""DELTA_MARGIN_FAIL"", ""REGION_GATE_FAIL"", ""TRANSITION_SOUNDNESS_FAIL""]",1.6513709587355452,166,203,False,-0.08862904126445614
15,internal_check,121000053,learned,1.5,1,3,"[174, 203, 230]",False,False,"[""DELTA_MARGIN_FAIL"", ""REGION_GATE_FAIL"", ""TRANSITION_SOUNDNESS_FAIL""]",1.5295600187033414,99,174,False,-0.757997691035272
15,internal_check,121000053,learned,1.5,2,3,"[174, 203, 230]",False,False,"[""DELTA_MARGIN_FAIL"", ""REGION_GATE_FAIL"", ""TRANSITION_SOUNDNESS_FAIL""]",1.5295600187033414,99,203,False,-0.757997691035272
15,internal_check,121000053,constant_matched,1.5,1,3,"[174, 203, 230]",True,True,[],1.9816451504826542,,174,False,0.24164515048265267
15,internal_check,121000053,constant_matched,1.5,2,3,"[174, 203, 230]",True,True,[],1.9816451504826542,,203,False,0.24164515048265267
15,internal_check,121000053,learned,2.0,1,3,"[174, 203, 230]",False,False,"[""DELTA_MARGIN_FAIL"", ""REGION_GATE_FAIL"", ""TRANSITION_SOUNDNESS_FAIL""]",2.039413358271122,131,174,False,-0.43066358804702903
15,internal_check,121000053,learned,2.0,2,3,"[174, 203, 230]",False,False,"[""DELTA_MARGIN_FAIL"", ""REGION_GATE_FAIL"", ""TRANSITION_SOUNDNESS_FAIL""]",2.039413358271122,131,203,False,-0.43066358804702903
15,internal_check,121000053,constant_matched,2.0,1,3,"[174, 203, 230]",True,True,[],2.6421935339768723,,174,False,0.902193533976885
15,internal_check,121000053,constant_matched,2.0,2,3,"[174, 203, 230]",True,True,[],2.6421935339768723,,203,False,0.902193533976885
