fit_index,partition,segment,start,end,completed,armed_at_start,low_entry,wait_to_low,low_to_return,observed_length,raw_g,corrected_budget,required_budget,margin,segment_first_budget_failure
0,train,0,0,289,True,0,243,243,46,289,2.8704004287719727,3.1131664752960204,2.89,0.2231664752960203,
0,train,1,289,300,False,0,,,,11,0.28919005393981934,0.5319561004638671,0.11,0.4219561004638671,
1,train,0,0,71,True,0,1,1,70,71,0.7650251388549805,1.0077911853790282,0.71,0.29779118537902827,
1,train,1,71,92,True,0,84,13,8,21,0.13152335584163666,0.3742894023656844,0.21,0.16428940236568443,
1,train,2,92,300,False,0,207,115,,208,2.262521505355835,2.5052875518798827,2.08,0.42528755187988265,
2,train,0,0,77,True,0,1,1,76,77,0.7955525517463684,1.0383185982704162,0.77,0.26831859827041615,
2,train,1,77,157,True,0,85,8,72,80,0.7629736065864563,1.005739653110504,0.8,0.20573965311050402,
2,train,2,157,300,False,0,,,,143,1.3746285438537598,1.6173945903778075,1.43,0.1873945903778076,
3,train,0,0,212,True,0,10,10,202,212,2.1911022663116455,2.4338683128356933,2.12,0.31386831283569316,
3,train,1,212,300,False,0,,,,88,1.0053542852401733,1.248120331764221,0.88,0.3681203317642211,
4,train,0,0,25,True,1,0,0,25,25,0.24113668501377106,0.4839027315378188,0.25,0.23390273153781882,
4,train,1,25,300,False,0,151,126,,275,2.885840654373169,3.1286067008972167,2.75,0.3786067008972167,
5,train,0,0,85,True,0,32,32,53,85,0.9783347249031067,1.2211007714271545,0.85,0.3711007714271545,
5,train,1,85,300,False,0,,,,215,1.9072339534759521,2.15,2.15,0.0,
6,train,0,0,171,True,0,13,13,158,171,1.6661826372146606,1.9089486837387084,1.71,0.19894868373870844,
6,train,1,171,259,True,0,239,68,20,88,0.9263493418693542,1.169115388393402,0.88,0.289115388393402,
6,train,2,259,300,False,0,281,22,,41,0.6281400322914124,0.8709060788154601,0.41000000000000003,0.4609060788154601,
7,train,0,0,10,True,1,0,0,10,10,0.23297224938869476,0.4757382959127425,0.1,0.37573829591274255,
7,train,1,10,116,True,0,18,8,98,106,1.0502493381500244,1.2930153846740722,1.06,0.23301538467407212,
7,train,2,116,232,True,0,147,31,85,116,1.062710165977478,1.3054762125015258,1.16,0.14547621250152587,
7,train,3,232,259,True,0,244,12,15,27,0.2973240613937378,0.5400901079177856,0.27,0.27009010791778554,
7,train,4,259,300,False,0,,,,41,0.33351561427116394,0.5762816607952117,0.41000000000000003,0.16628166079521167,
8,train,0,0,196,True,0,170,170,26,196,2.0710690021514893,2.313835048675537,1.96,0.35383504867553706,
8,train,1,196,290,True,0,250,54,40,94,1.0232716798782349,1.2660377264022826,0.9400000000000001,0.32603772640228257,
8,train,2,290,300,False,0,,,,10,0.47158804535865784,0.7143540918827056,0.1,0.6143540918827056,
9,train,0,0,11,True,1,0,0,11,11,0.1844893991947174,0.42725544571876517,0.11,0.3172554457187652,
9,train,1,11,230,True,0,21,10,209,219,2.172149419784546,2.4149154663085937,2.19,0.22491546630859371,
9,train,2,230,269,True,0,245,15,24,39,0.3200872540473938,0.5628533005714416,0.39,0.17285330057144155,
9,train,3,269,300,False,0,282,13,,31,1.7021235227584839,1.9448895692825316,0.31,1.6348895692825316,
10,train,0,0,153,True,1,0,0,153,153,1.3618168830871582,1.604582929611206,1.53,0.07458292961120594,
10,train,1,153,199,True,0,176,23,23,46,0.22077356278896332,0.4635396093130111,0.46,0.0035396093130110606,
10,train,2,199,300,False,0,,,,101,1.3359017372131348,1.5786677837371825,1.01,0.5686677837371825,
11,train,0,0,55,True,0,8,8,47,55,0.5493446588516235,0.7921107053756713,0.55,0.24211070537567125,
11,train,1,55,189,True,0,81,26,108,134,1.3365213871002197,1.5792874336242675,1.34,0.2392874336242674,
11,train,2,189,286,True,0,203,14,83,97,0.8276772499084473,1.070443296432495,0.97,0.10044329643249506,
11,train,3,286,300,False,0,,,,14,0.5848309397697449,0.8275969862937926,0.14,0.6875969862937926,
12,internal_check,0,0,88,True,0,82,82,6,88,2.0739097595214844,2.316675806045532,0.88,1.4366758060455322,
12,internal_check,1,88,220,True,0,203,115,17,132,1.71854829788208,1.9613143444061278,1.32,0.6413143444061278,
12,internal_check,2,220,261,True,0,251,31,10,41,0.4901302456855774,0.7328962922096252,0.41000000000000003,0.3228962922096251,
12,internal_check,3,261,300,False,0,275,14,,39,0.678692638874054,0.9214586853981017,0.39,0.5314586853981017,
13,internal_check,0,0,14,True,1,0,0,14,14,0.26595988869667053,0.5087259352207183,0.14,0.3687259352207183,
13,internal_check,1,14,279,True,0,89,75,190,265,2.159259557723999,2.402025604248047,2.65,-0.24797439575195312,255
13,internal_check,2,279,300,False,0,290,11,,21,2.402055025100708,2.6448210716247558,0.21,2.434821071624756,
14,internal_check,0,0,46,True,1,0,0,46,46,1.8163025379180908,2.0590685844421386,0.46,1.5990685844421386,
14,internal_check,1,46,136,True,0,57,11,79,90,1.1768789291381836,1.4196449756622314,0.9,0.5196449756622313,
14,internal_check,2,136,300,False,0,288,152,,164,3.6602213382720947,3.9029873847961425,1.6400000000000001,2.2629873847961424,
15,internal_check,0,0,174,True,1,0,0,174,174,0.41190215945243835,0.6546682059764861,1.74,-1.0853317940235139,66
15,internal_check,1,174,203,True,0,193,19,10,29,0.8004114031791687,1.0431774497032165,0.29,0.7531774497032164,
15,internal_check,2,203,230,True,0,220,17,10,27,0.23375575244426727,0.47652179896831504,0.27,0.20652179896831502,
15,internal_check,3,230,300,False,0,,,,70,1.6616932153701782,1.904459261894226,0.7000000000000001,1.2044592618942258,
