arm,scale,M_MIN,partition,n,count_pass,budget_pass,full_pass,full_pass_rate,event_sufficient_but_budget_fail,budget_failure_after_Mth_event,failure_breakdown
constant_H_eta,1.0,1,all,16,16,16,16,1.0,0,0,{}
constant_H_eta,1.0,1,train,12,12,12,12,1.0,0,0,{}
constant_H_eta,1.0,1,internal_check,4,4,4,4,1.0,0,0,{}
constant_H_eta,1.0,2,all,16,12,16,12,0.75,0,0,"{""INSUFFICIENT_EVENTS"": 4}"
constant_H_eta,1.0,2,train,12,8,12,8,0.6666666666666666,0,0,"{""INSUFFICIENT_EVENTS"": 4}"
constant_H_eta,1.0,2,internal_check,4,4,4,4,1.0,0,0,{}
constant_matched,0.5,1,all,16,16,0,0,0.0,16,6,"{""DELTA_MARGIN_FAIL"": 16, ""REGION_GATE_FAIL"": 16, ""TRANSITION_SOUNDNESS_FAIL"": 16}"
constant_matched,0.5,1,train,12,12,0,0,0.0,12,4,"{""DELTA_MARGIN_FAIL"": 12, ""REGION_GATE_FAIL"": 12, ""TRANSITION_SOUNDNESS_FAIL"": 12}"
constant_matched,0.5,1,internal_check,4,4,0,0,0.0,4,2,"{""DELTA_MARGIN_FAIL"": 4, ""REGION_GATE_FAIL"": 4, ""TRANSITION_SOUNDNESS_FAIL"": 4}"
constant_matched,0.5,2,all,16,12,0,0,0.0,12,0,"{""DELTA_MARGIN_FAIL"": 16, ""REGION_GATE_FAIL"": 16, ""TRANSITION_SOUNDNESS_FAIL"": 16, ""INSUFFICIENT_EVENTS"": 4}"
constant_matched,0.5,2,train,12,8,0,0,0.0,8,0,"{""DELTA_MARGIN_FAIL"": 12, ""REGION_GATE_FAIL"": 12, ""TRANSITION_SOUNDNESS_FAIL"": 12, ""INSUFFICIENT_EVENTS"": 4}"
constant_matched,0.5,2,internal_check,4,4,0,0,0.0,4,0,"{""DELTA_MARGIN_FAIL"": 4, ""REGION_GATE_FAIL"": 4, ""TRANSITION_SOUNDNESS_FAIL"": 4}"
constant_matched,0.75,1,all,16,16,0,0,0.0,16,10,"{""DELTA_MARGIN_FAIL"": 16, ""REGION_GATE_FAIL"": 16, ""TRANSITION_SOUNDNESS_FAIL"": 16}"
constant_matched,0.75,1,train,12,12,0,0,0.0,12,7,"{""DELTA_MARGIN_FAIL"": 12, ""REGION_GATE_FAIL"": 12, ""TRANSITION_SOUNDNESS_FAIL"": 12}"
constant_matched,0.75,1,internal_check,4,4,0,0,0.0,4,3,"{""DELTA_MARGIN_FAIL"": 4, ""REGION_GATE_FAIL"": 4, ""TRANSITION_SOUNDNESS_FAIL"": 4}"
constant_matched,0.75,2,all,16,12,0,0,0.0,12,3,"{""DELTA_MARGIN_FAIL"": 16, ""REGION_GATE_FAIL"": 16, ""TRANSITION_SOUNDNESS_FAIL"": 16, ""INSUFFICIENT_EVENTS"": 4}"
constant_matched,0.75,2,train,12,8,0,0,0.0,8,2,"{""DELTA_MARGIN_FAIL"": 12, ""REGION_GATE_FAIL"": 12, ""TRANSITION_SOUNDNESS_FAIL"": 12, ""INSUFFICIENT_EVENTS"": 4}"
constant_matched,0.75,2,internal_check,4,4,0,0,0.0,4,1,"{""DELTA_MARGIN_FAIL"": 4, ""REGION_GATE_FAIL"": 4, ""TRANSITION_SOUNDNESS_FAIL"": 4}"
constant_matched,1.0,1,all,16,16,2,2,0.125,14,8,"{""DELTA_MARGIN_FAIL"": 14, ""REGION_GATE_FAIL"": 14, ""TRANSITION_SOUNDNESS_FAIL"": 14}"
constant_matched,1.0,1,train,12,12,1,1,0.08333333333333333,11,6,"{""DELTA_MARGIN_FAIL"": 11, ""REGION_GATE_FAIL"": 11, ""TRANSITION_SOUNDNESS_FAIL"": 11}"
constant_matched,1.0,1,internal_check,4,4,1,1,0.25,3,2,"{""DELTA_MARGIN_FAIL"": 3, ""REGION_GATE_FAIL"": 3, ""TRANSITION_SOUNDNESS_FAIL"": 3}"
constant_matched,1.0,2,all,16,12,2,2,0.125,10,3,"{""DELTA_MARGIN_FAIL"": 14, ""REGION_GATE_FAIL"": 14, ""TRANSITION_SOUNDNESS_FAIL"": 14, ""INSUFFICIENT_EVENTS"": 4}"
constant_matched,1.0,2,train,12,8,1,1,0.08333333333333333,7,2,"{""DELTA_MARGIN_FAIL"": 11, ""REGION_GATE_FAIL"": 11, ""TRANSITION_SOUNDNESS_FAIL"": 11, ""INSUFFICIENT_EVENTS"": 4}"
constant_matched,1.0,2,internal_check,4,4,1,1,0.25,3,1,"{""DELTA_MARGIN_FAIL"": 3, ""REGION_GATE_FAIL"": 3, ""TRANSITION_SOUNDNESS_FAIL"": 3}"
constant_matched,1.25,1,all,16,16,6,6,0.375,10,5,"{""DELTA_MARGIN_FAIL"": 10, ""REGION_GATE_FAIL"": 10, ""TRANSITION_SOUNDNESS_FAIL"": 10}"
constant_matched,1.25,1,train,12,12,4,4,0.3333333333333333,8,4,"{""DELTA_MARGIN_FAIL"": 8, ""REGION_GATE_FAIL"": 8, ""TRANSITION_SOUNDNESS_FAIL"": 8}"
constant_matched,1.25,1,internal_check,4,4,2,2,0.5,2,1,"{""DELTA_MARGIN_FAIL"": 2, ""REGION_GATE_FAIL"": 2, ""TRANSITION_SOUNDNESS_FAIL"": 2}"
constant_matched,1.25,2,all,16,12,6,6,0.375,6,1,"{""DELTA_MARGIN_FAIL"": 10, ""REGION_GATE_FAIL"": 10, ""TRANSITION_SOUNDNESS_FAIL"": 10, ""INSUFFICIENT_EVENTS"": 4}"
constant_matched,1.25,2,train,12,8,4,4,0.3333333333333333,4,1,"{""DELTA_MARGIN_FAIL"": 8, ""REGION_GATE_FAIL"": 8, ""TRANSITION_SOUNDNESS_FAIL"": 8, ""INSUFFICIENT_EVENTS"": 4}"
constant_matched,1.25,2,internal_check,4,4,2,2,0.5,2,0,"{""DELTA_MARGIN_FAIL"": 2, ""REGION_GATE_FAIL"": 2, ""TRANSITION_SOUNDNESS_FAIL"": 2}"
constant_matched,1.5,1,all,16,16,9,9,0.5625,7,5,"{""DELTA_MARGIN_FAIL"": 7, ""REGION_GATE_FAIL"": 7, ""TRANSITION_SOUNDNESS_FAIL"": 7}"
constant_matched,1.5,1,train,12,12,6,6,0.5,6,4,"{""DELTA_MARGIN_FAIL"": 6, ""REGION_GATE_FAIL"": 6, ""TRANSITION_SOUNDNESS_FAIL"": 6}"
constant_matched,1.5,1,internal_check,4,4,3,3,0.75,1,1,"{""DELTA_MARGIN_FAIL"": 1, ""REGION_GATE_FAIL"": 1, ""TRANSITION_SOUNDNESS_FAIL"": 1}"
constant_matched,1.5,2,all,16,12,9,9,0.5625,3,1,"{""DELTA_MARGIN_FAIL"": 7, ""REGION_GATE_FAIL"": 7, ""TRANSITION_SOUNDNESS_FAIL"": 7, ""INSUFFICIENT_EVENTS"": 4}"
constant_matched,1.5,2,train,12,8,6,6,0.5,2,1,"{""DELTA_MARGIN_FAIL"": 6, ""REGION_GATE_FAIL"": 6, ""TRANSITION_SOUNDNESS_FAIL"": 6, ""INSUFFICIENT_EVENTS"": 4}"
constant_matched,1.5,2,internal_check,4,4,3,3,0.75,1,0,"{""DELTA_MARGIN_FAIL"": 1, ""REGION_GATE_FAIL"": 1, ""TRANSITION_SOUNDNESS_FAIL"": 1}"
constant_matched,2.0,1,all,16,16,13,13,0.8125,3,2,"{""DELTA_MARGIN_FAIL"": 3, ""REGION_GATE_FAIL"": 3, ""TRANSITION_SOUNDNESS_FAIL"": 3}"
constant_matched,2.0,1,train,12,12,10,10,0.8333333333333334,2,1,"{""DELTA_MARGIN_FAIL"": 2, ""REGION_GATE_FAIL"": 2, ""TRANSITION_SOUNDNESS_FAIL"": 2}"
constant_matched,2.0,1,internal_check,4,4,3,3,0.75,1,1,"{""DELTA_MARGIN_FAIL"": 1, ""REGION_GATE_FAIL"": 1, ""TRANSITION_SOUNDNESS_FAIL"": 1}"
constant_matched,2.0,2,all,16,12,13,11,0.6875,1,0,"{""DELTA_MARGIN_FAIL"": 3, ""REGION_GATE_FAIL"": 3, ""TRANSITION_SOUNDNESS_FAIL"": 3, ""INSUFFICIENT_EVENTS"": 4}"
constant_matched,2.0,2,train,12,8,10,8,0.6666666666666666,0,0,"{""DELTA_MARGIN_FAIL"": 2, ""REGION_GATE_FAIL"": 2, ""TRANSITION_SOUNDNESS_FAIL"": 2, ""INSUFFICIENT_EVENTS"": 4}"
constant_matched,2.0,2,internal_check,4,4,3,3,0.75,1,0,"{""DELTA_MARGIN_FAIL"": 1, ""REGION_GATE_FAIL"": 1, ""TRANSITION_SOUNDNESS_FAIL"": 1}"
constant_train_max,1.0,1,all,16,16,16,16,1.0,0,0,{}
constant_train_max,1.0,1,train,12,12,12,12,1.0,0,0,{}
constant_train_max,1.0,1,internal_check,4,4,4,4,1.0,0,0,{}
constant_train_max,1.0,2,all,16,12,16,12,0.75,0,0,"{""INSUFFICIENT_EVENTS"": 4}"
constant_train_max,1.0,2,train,12,8,12,8,0.6666666666666666,0,0,"{""INSUFFICIENT_EVENTS"": 4}"
constant_train_max,1.0,2,internal_check,4,4,4,4,1.0,0,0,{}
learned,0.5,1,all,16,16,0,0,0.0,16,5,"{""DELTA_MARGIN_FAIL"": 16, ""REGION_GATE_FAIL"": 16, ""TRANSITION_SOUNDNESS_FAIL"": 16}"
learned,0.5,1,train,12,12,0,0,0.0,12,2,"{""DELTA_MARGIN_FAIL"": 12, ""REGION_GATE_FAIL"": 12, ""TRANSITION_SOUNDNESS_FAIL"": 12}"
learned,0.5,1,internal_check,4,4,0,0,0.0,4,3,"{""DELTA_MARGIN_FAIL"": 4, ""REGION_GATE_FAIL"": 4, ""TRANSITION_SOUNDNESS_FAIL"": 4}"
learned,0.5,2,all,16,12,0,0,0.0,12,0,"{""DELTA_MARGIN_FAIL"": 16, ""REGION_GATE_FAIL"": 16, ""TRANSITION_SOUNDNESS_FAIL"": 16, ""INSUFFICIENT_EVENTS"": 4}"
learned,0.5,2,train,12,8,0,0,0.0,8,0,"{""DELTA_MARGIN_FAIL"": 12, ""REGION_GATE_FAIL"": 12, ""TRANSITION_SOUNDNESS_FAIL"": 12, ""INSUFFICIENT_EVENTS"": 4}"
learned,0.5,2,internal_check,4,4,0,0,0.0,4,0,"{""DELTA_MARGIN_FAIL"": 4, ""REGION_GATE_FAIL"": 4, ""TRANSITION_SOUNDNESS_FAIL"": 4}"
learned,0.75,1,all,16,16,2,2,0.125,14,8,"{""DELTA_MARGIN_FAIL"": 14, ""REGION_GATE_FAIL"": 14, ""TRANSITION_SOUNDNESS_FAIL"": 14}"
learned,0.75,1,train,12,12,0,0,0.0,12,7,"{""DELTA_MARGIN_FAIL"": 12, ""REGION_GATE_FAIL"": 12, ""TRANSITION_SOUNDNESS_FAIL"": 12}"
learned,0.75,1,internal_check,4,4,2,2,0.5,2,1,"{""DELTA_MARGIN_FAIL"": 2, ""REGION_GATE_FAIL"": 2, ""TRANSITION_SOUNDNESS_FAIL"": 2}"
learned,0.75,2,all,16,12,2,2,0.125,10,1,"{""DELTA_MARGIN_FAIL"": 14, ""REGION_GATE_FAIL"": 14, ""TRANSITION_SOUNDNESS_FAIL"": 14, ""INSUFFICIENT_EVENTS"": 4}"
learned,0.75,2,train,12,8,0,0,0.0,8,1,"{""DELTA_MARGIN_FAIL"": 12, ""REGION_GATE_FAIL"": 12, ""TRANSITION_SOUNDNESS_FAIL"": 12, ""INSUFFICIENT_EVENTS"": 4}"
learned,0.75,2,internal_check,4,4,2,2,0.5,2,0,"{""DELTA_MARGIN_FAIL"": 2, ""REGION_GATE_FAIL"": 2, ""TRANSITION_SOUNDNESS_FAIL"": 2}"
learned,1.0,1,all,16,16,14,14,0.875,2,1,"{""DELTA_MARGIN_FAIL"": 2, ""REGION_GATE_FAIL"": 2, ""TRANSITION_SOUNDNESS_FAIL"": 2}"
learned,1.0,1,train,12,12,12,12,1.0,0,0,{}
learned,1.0,1,internal_check,4,4,2,2,0.5,2,1,"{""DELTA_MARGIN_FAIL"": 2, ""REGION_GATE_FAIL"": 2, ""TRANSITION_SOUNDNESS_FAIL"": 2}"
learned,1.0,2,all,16,12,14,10,0.625,2,0,"{""INSUFFICIENT_EVENTS"": 4, ""DELTA_MARGIN_FAIL"": 2, ""REGION_GATE_FAIL"": 2, ""TRANSITION_SOUNDNESS_FAIL"": 2}"
learned,1.0,2,train,12,8,12,8,0.6666666666666666,0,0,"{""INSUFFICIENT_EVENTS"": 4}"
learned,1.0,2,internal_check,4,4,2,2,0.5,2,0,"{""DELTA_MARGIN_FAIL"": 2, ""REGION_GATE_FAIL"": 2, ""TRANSITION_SOUNDNESS_FAIL"": 2}"
learned,1.25,1,all,16,16,15,15,0.9375,1,0,"{""DELTA_MARGIN_FAIL"": 1, ""REGION_GATE_FAIL"": 1, ""TRANSITION_SOUNDNESS_FAIL"": 1}"
learned,1.25,1,train,12,12,12,12,1.0,0,0,{}
learned,1.25,1,internal_check,4,4,3,3,0.75,1,0,"{""DELTA_MARGIN_FAIL"": 1, ""REGION_GATE_FAIL"": 1, ""TRANSITION_SOUNDNESS_FAIL"": 1}"
learned,1.25,2,all,16,12,15,11,0.6875,1,0,"{""INSUFFICIENT_EVENTS"": 4, ""DELTA_MARGIN_FAIL"": 1, ""REGION_GATE_FAIL"": 1, ""TRANSITION_SOUNDNESS_FAIL"": 1}"
learned,1.25,2,train,12,8,12,8,0.6666666666666666,0,0,"{""INSUFFICIENT_EVENTS"": 4}"
learned,1.25,2,internal_check,4,4,3,3,0.75,1,0,"{""DELTA_MARGIN_FAIL"": 1, ""REGION_GATE_FAIL"": 1, ""TRANSITION_SOUNDNESS_FAIL"": 1}"
learned,1.5,1,all,16,16,15,15,0.9375,1,0,"{""DELTA_MARGIN_FAIL"": 1, ""REGION_GATE_FAIL"": 1, ""TRANSITION_SOUNDNESS_FAIL"": 1}"
learned,1.5,1,train,12,12,12,12,1.0,0,0,{}
learned,1.5,1,internal_check,4,4,3,3,0.75,1,0,"{""DELTA_MARGIN_FAIL"": 1, ""REGION_GATE_FAIL"": 1, ""TRANSITION_SOUNDNESS_FAIL"": 1}"
learned,1.5,2,all,16,12,15,11,0.6875,1,0,"{""INSUFFICIENT_EVENTS"": 4, ""DELTA_MARGIN_FAIL"": 1, ""REGION_GATE_FAIL"": 1, ""TRANSITION_SOUNDNESS_FAIL"": 1}"
learned,1.5,2,train,12,8,12,8,0.6666666666666666,0,0,"{""INSUFFICIENT_EVENTS"": 4}"
learned,1.5,2,internal_check,4,4,3,3,0.75,1,0,"{""DELTA_MARGIN_FAIL"": 1, ""REGION_GATE_FAIL"": 1, ""TRANSITION_SOUNDNESS_FAIL"": 1}"
learned,2.0,1,all,16,16,15,15,0.9375,1,0,"{""DELTA_MARGIN_FAIL"": 1, ""REGION_GATE_FAIL"": 1, ""TRANSITION_SOUNDNESS_FAIL"": 1}"
learned,2.0,1,train,12,12,12,12,1.0,0,0,{}
learned,2.0,1,internal_check,4,4,3,3,0.75,1,0,"{""DELTA_MARGIN_FAIL"": 1, ""REGION_GATE_FAIL"": 1, ""TRANSITION_SOUNDNESS_FAIL"": 1}"
learned,2.0,2,all,16,12,15,11,0.6875,1,0,"{""INSUFFICIENT_EVENTS"": 4, ""DELTA_MARGIN_FAIL"": 1, ""REGION_GATE_FAIL"": 1, ""TRANSITION_SOUNDNESS_FAIL"": 1}"
learned,2.0,2,train,12,8,12,8,0.6666666666666666,0,0,"{""INSUFFICIENT_EVENTS"": 4}"
learned,2.0,2,internal_check,4,4,3,3,0.75,1,0,"{""DELTA_MARGIN_FAIL"": 1, ""REGION_GATE_FAIL"": 1, ""TRANSITION_SOUNDNESS_FAIL"": 1}"
