candidate,partition,arm,n_evaluations,drift_fail,budget_fail,region_fail,soundness_fail,source_fail,safety_fail,count_fail,full_pass
clearance_q25_75,train,learned,12,0,0,0,0,0,0,4,8
clearance_q25_75,train,constant_matched,12,0,11,11,11,0,0,4,1
clearance_q25_75,train,constant_H_eta,12,0,0,0,0,0,0,4,8
clearance_q25_75,train,shuffled,120,0,107,107,107,0,0,40,12
clearance_q25_75,internal_check,learned,4,0,2,2,2,0,0,0,2
clearance_q25_75,internal_check,constant_matched,4,0,4,4,4,0,0,0,0
clearance_q25_75,internal_check,constant_H_eta,4,0,0,0,0,0,0,0,4
clearance_q25_75,internal_check,shuffled,40,0,26,26,26,0,0,0,14
clearance_q10_90,train,learned,12,0,0,0,0,0,0,11,1
clearance_q10_90,train,constant_matched,12,0,8,8,8,0,0,11,1
clearance_q10_90,train,constant_H_eta,12,0,0,0,0,0,0,11,1
clearance_q10_90,train,shuffled,120,0,76,76,76,0,0,110,4
clearance_q10_90,internal_check,learned,4,0,1,1,1,0,0,4,0
clearance_q10_90,internal_check,constant_matched,4,0,3,3,3,0,0,4,0
clearance_q10_90,internal_check,constant_H_eta,4,0,0,0,0,0,0,4,0
clearance_q10_90,internal_check,shuffled,40,0,13,13,13,0,0,40,0
motion_q25_75,train,learned,12,0,0,0,0,0,0,0,12
motion_q25_75,train,constant_matched,12,0,9,9,9,0,0,0,3
motion_q25_75,train,constant_H_eta,12,0,0,0,0,0,0,0,12
motion_q25_75,train,shuffled,120,0,109,109,109,0,0,0,11
motion_q25_75,internal_check,learned,4,0,4,4,4,0,0,0,0
motion_q25_75,internal_check,constant_matched,4,0,4,4,4,0,0,0,0
motion_q25_75,internal_check,constant_H_eta,4,0,0,0,0,0,0,0,4
motion_q25_75,internal_check,shuffled,40,0,40,40,40,0,0,0,0
motion_q10_90,train,learned,12,0,0,0,0,0,0,2,10
motion_q10_90,train,constant_matched,12,0,11,11,11,0,0,2,1
motion_q10_90,train,constant_H_eta,12,0,0,0,0,0,0,2,10
motion_q10_90,train,shuffled,120,0,117,117,117,0,0,20,3
motion_q10_90,internal_check,learned,4,0,4,4,4,0,0,0,0
motion_q10_90,internal_check,constant_matched,4,0,4,4,4,0,0,0,0
motion_q10_90,internal_check,constant_H_eta,4,0,0,0,0,0,0,0,4
motion_q10_90,internal_check,shuffled,40,0,30,30,30,0,0,0,10
approach_q25_75,train,learned,12,0,0,0,0,0,0,6,6
approach_q25_75,train,constant_matched,12,0,12,12,12,0,0,6,0
approach_q25_75,train,constant_H_eta,12,0,0,0,0,0,0,6,6
approach_q25_75,train,shuffled,120,0,105,105,105,0,0,60,7
approach_q25_75,internal_check,learned,4,0,3,3,3,0,0,3,0
approach_q25_75,internal_check,constant_matched,4,0,4,4,4,0,0,3,0
approach_q25_75,internal_check,constant_H_eta,4,0,0,0,0,0,0,3,1
approach_q25_75,internal_check,shuffled,40,0,35,35,35,0,0,30,0
approach_q10_90,train,learned,12,0,0,0,0,0,0,11,1
approach_q10_90,train,constant_matched,12,0,10,10,10,0,0,11,1
approach_q10_90,train,constant_H_eta,12,0,0,0,0,0,0,11,1
approach_q10_90,train,shuffled,120,0,73,73,73,0,0,110,4
approach_q10_90,internal_check,learned,4,0,3,3,3,0,0,4,0
approach_q10_90,internal_check,constant_matched,4,0,3,3,3,0,0,4,0
approach_q10_90,internal_check,constant_H_eta,4,0,0,0,0,0,0,4,0
approach_q10_90,internal_check,shuffled,40,0,28,28,28,0,0,40,0
progress_q25_75,train,learned,12,0,0,0,0,0,0,0,12
progress_q25_75,train,constant_matched,12,0,9,9,9,0,0,0,3
progress_q25_75,train,constant_H_eta,12,0,0,0,0,0,0,0,12
progress_q25_75,train,shuffled,120,0,92,92,92,0,0,0,28
progress_q25_75,internal_check,learned,4,0,3,3,3,0,0,0,1
progress_q25_75,internal_check,constant_matched,4,0,2,2,2,0,0,0,2
progress_q25_75,internal_check,constant_H_eta,4,0,0,0,0,0,0,0,4
progress_q25_75,internal_check,shuffled,40,0,26,26,26,0,0,0,14
progress_q10_90,train,learned,12,0,0,0,0,0,0,0,12
progress_q10_90,train,constant_matched,12,0,11,11,11,0,0,0,1
progress_q10_90,train,constant_H_eta,12,0,0,0,0,0,0,0,12
progress_q10_90,train,shuffled,120,0,106,106,106,0,0,0,14
progress_q10_90,internal_check,learned,4,0,3,3,3,0,0,0,1
progress_q10_90,internal_check,constant_matched,4,0,3,3,3,0,0,0,1
progress_q10_90,internal_check,constant_H_eta,4,0,0,0,0,0,0,0,4
progress_q10_90,internal_check,shuffled,40,0,29,29,29,0,0,0,11
clearance_safe_q25_75,train,learned,12,0,0,0,0,0,3,4,5
clearance_safe_q25_75,train,constant_matched,12,0,11,11,11,0,3,4,1
clearance_safe_q25_75,train,constant_H_eta,12,0,0,0,0,0,3,4,5
clearance_safe_q25_75,train,shuffled,120,0,107,107,107,0,30,40,7
clearance_safe_q25_75,internal_check,learned,4,0,2,2,2,0,1,0,2
clearance_safe_q25_75,internal_check,constant_matched,4,0,4,4,4,0,1,0,0
clearance_safe_q25_75,internal_check,constant_H_eta,4,0,0,0,0,0,1,0,3
clearance_safe_q25_75,internal_check,shuffled,40,0,26,26,26,0,10,0,11
clearance_safe_q10_90,train,learned,12,0,0,0,0,0,3,11,1
clearance_safe_q10_90,train,constant_matched,12,0,8,8,8,0,3,11,1
clearance_safe_q10_90,train,constant_H_eta,12,0,0,0,0,0,3,11,1
clearance_safe_q10_90,train,shuffled,120,0,76,76,76,0,30,110,4
clearance_safe_q10_90,internal_check,learned,4,0,1,1,1,0,1,4,0
clearance_safe_q10_90,internal_check,constant_matched,4,0,3,3,3,0,1,4,0
clearance_safe_q10_90,internal_check,constant_H_eta,4,0,0,0,0,0,1,4,0
clearance_safe_q10_90,internal_check,shuffled,40,0,13,13,13,0,10,40,0
motion_safe_q25_75,train,learned,12,0,0,0,0,0,3,0,9
motion_safe_q25_75,train,constant_matched,12,0,9,9,9,0,3,0,2
motion_safe_q25_75,train,constant_H_eta,12,0,0,0,0,0,3,0,9
motion_safe_q25_75,train,shuffled,120,0,109,109,109,0,30,0,11
motion_safe_q25_75,internal_check,learned,4,0,4,4,4,0,1,0,0
motion_safe_q25_75,internal_check,constant_matched,4,0,4,4,4,0,1,0,0
motion_safe_q25_75,internal_check,constant_H_eta,4,0,0,0,0,0,1,0,3
motion_safe_q25_75,internal_check,shuffled,40,0,40,40,40,0,10,0,0
motion_safe_q10_90,train,learned,12,0,0,0,0,0,3,2,8
motion_safe_q10_90,train,constant_matched,12,0,11,11,11,0,3,2,0
motion_safe_q10_90,train,constant_H_eta,12,0,0,0,0,0,3,2,8
motion_safe_q10_90,train,shuffled,120,0,117,117,117,0,30,20,3
motion_safe_q10_90,internal_check,learned,4,0,4,4,4,0,1,0,0
motion_safe_q10_90,internal_check,constant_matched,4,0,4,4,4,0,1,0,0
motion_safe_q10_90,internal_check,constant_H_eta,4,0,0,0,0,0,1,0,3
motion_safe_q10_90,internal_check,shuffled,40,0,30,30,30,0,10,0,7
