candidate,event_definition,d_low,d_high,train_counts,internal_counts,train_certificate,internal_certificate,train_check_gap,internal_budget_MAE,internal_latency_MAE_steps,internal_constant_MAE,internal_controls,failure_breakdown,degeneracy_warning,status,reason
clearance_q25_75,LOW clearance -> HIGH clearance; relative clearance recovery,0.4735981774226446,0.7910375755438274,"{""counts"": [1, 2, 2, 1, 1, 1, 2, 4, 2, 3, 2, 3], ""n"": 12, ""min"": 1, ""median"": 2.0, ""max"": 4, ""variance"": 0.8333333333333334, ""zero_fraction"": 0.0, ""count_pass_fraction"": 0.6666666666666666, ""all_paths_count_pass"": false, ""modal_fraction"": 0.4166666666666667}","{""counts"": [3, 2, 2, 3], ""n"": 4, ""min"": 2, ""median"": 2.5, ""max"": 3, ""variance"": 0.25, ""zero_fraction"": 0.0, ""count_pass_fraction"": 1.0, ""all_paths_count_pass"": true, ""modal_fraction"": 0.5}",8/12,2/4,0.16666666666666663,0.6832635530233382,68.32635530233382,0.6396666666666666,"{""learned"": 0.5, ""constant_matched"": 0.0, ""constant_H_eta"": 1.0, ""shuffled"": 0.35}","{""DELTA_MARGIN_FAIL"": 2, ""REGION_GATE_FAIL"": 2, ""TRANSITION_SOUNDNESS_FAIL"": 2}",Large constants remove budget difficulty; shuffled and trivial controls do not certify anything,BORDERLINE,Budget generalization lacks sufficient descriptive advantage
clearance_q10_90,LOW clearance -> HIGH clearance; relative clearance recovery,0.38290708552676095,1.0271607785216392,"{""counts"": [0, 1, 1, 1, 1, 0, 1, 2, 0, 0, 1, 0], ""n"": 12, ""min"": 0, ""median"": 1.0, ""max"": 2, ""variance"": 0.3888888888888889, ""zero_fraction"": 0.4166666666666667, ""count_pass_fraction"": 0.08333333333333333, ""all_paths_count_pass"": false, ""modal_fraction"": 0.5}","{""counts"": [0, 0, 1, 1], ""n"": 4, ""min"": 0, ""median"": 0.5, ""max"": 1, ""variance"": 0.25, ""zero_fraction"": 0.5, ""count_pass_fraction"": 0.0, ""all_paths_count_pass"": false, ""modal_fraction"": 0.5}",1/12,0/4,0.08333333333333333,0.9009138917922973,90.09138917922972,0.5399999999999999,"{""learned"": 0.0, ""constant_matched"": 0.0, ""constant_H_eta"": 0.0, ""shuffled"": 0.0}","{""INSUFFICIENT_EVENTS"": 4, ""DELTA_MARGIN_FAIL"": 1, ""REGION_GATE_FAIL"": 1, ""TRANSITION_SOUNDNESS_FAIL"": 1}",Large constants remove budget difficulty; shuffled and trivial controls do not certify anything,REJECT,No useful repeated-event distribution in the fit split
motion_q25_75,"LOW decoded speed -> HIGH decoded speed; movement resumes, not goal success",0.2314642400954701,0.7596940547566862,"{""counts"": [12, 19, 12, 20, 8, 12, 14, 16, 10, 18, 13, 17], ""n"": 12, ""min"": 8, ""median"": 13.5, ""max"": 20, ""variance"": 12.854166666666666, ""zero_fraction"": 0.0, ""count_pass_fraction"": 1.0, ""all_paths_count_pass"": true, ""modal_fraction"": 0.25}","{""counts"": [13, 12, 8, 11], ""n"": 4, ""min"": 8, ""median"": 11.5, ""max"": 13, ""variance"": 3.5, ""zero_fraction"": 0.0, ""count_pass_fraction"": 1.0, ""all_paths_count_pass"": true, ""modal_fraction"": 0.25}",12/12,0/4,1.0,0.1714886384355751,17.14886384355751,0.14190324295587453,"{""learned"": 0.0, ""constant_matched"": 0.0, ""constant_H_eta"": 1.0, ""shuffled"": 0.0}","{""DELTA_MARGIN_FAIL"": 4, ""REGION_GATE_FAIL"": 4, ""TRANSITION_SOUNDNESS_FAIL"": 4}",Large constants remove budget difficulty; shuffled and trivial controls do not certify anything,BORDERLINE,Events too frequent for intended interpretable 1-6 return regime
motion_q10_90,"LOW decoded speed -> HIGH decoded speed; movement resumes, not goal success",0.10620508047248037,1.0249977548232574,"{""counts"": [3, 1, 3, 6, 5, 0, 4, 5, 2, 5, 7, 3], ""n"": 12, ""min"": 0, ""median"": 3.5, ""max"": 7, ""variance"": 3.8888888888888893, ""zero_fraction"": 0.08333333333333333, ""count_pass_fraction"": 0.8333333333333334, ""all_paths_count_pass"": false, ""modal_fraction"": 0.25}","{""counts"": [6, 2, 2, 4], ""n"": 4, ""min"": 2, ""median"": 3.0, ""max"": 6, ""variance"": 2.75, ""zero_fraction"": 0.0, ""count_pass_fraction"": 1.0, ""all_paths_count_pass"": true, ""modal_fraction"": 0.5}",10/12,0/4,0.8333333333333334,0.7528901657462121,75.28901657462121,0.5203246753246754,"{""learned"": 0.0, ""constant_matched"": 0.0, ""constant_H_eta"": 1.0, ""shuffled"": 0.25}","{""DELTA_MARGIN_FAIL"": 4, ""REGION_GATE_FAIL"": 4, ""TRANSITION_SOUNDNESS_FAIL"": 4}",Large constants remove budget difficulty; shuffled and trivial controls do not certify anything,BORDERLINE,Budget generalization lacks sufficient descriptive advantage
approach_q25_75,FAR from decoded goal -> NEAR decoded goal; not original goal attainment,0.3984356577572765,0.593074429944052,"{""counts"": [0, 1, 2, 2, 1, 1, 3, 2, 1, 3, 1, 2], ""n"": 12, ""min"": 0, ""median"": 1.5, ""max"": 3, ""variance"": 0.7430555555555557, ""zero_fraction"": 0.08333333333333333, ""count_pass_fraction"": 0.5, ""all_paths_count_pass"": false, ""modal_fraction"": 0.4166666666666667}","{""counts"": [0, 1, 2, 1], ""n"": 4, ""min"": 0, ""median"": 1.0, ""max"": 2, ""variance"": 0.5, ""zero_fraction"": 0.25, ""count_pass_fraction"": 0.25, ""all_paths_count_pass"": false, ""modal_fraction"": 0.5}",6/12,0/4,0.5,0.9411043871939182,94.11043871939182,0.8274999999999999,"{""learned"": 0.0, ""constant_matched"": 0.0, ""constant_H_eta"": 0.25, ""shuffled"": 0.0}","{""DELTA_MARGIN_FAIL"": 3, ""REGION_GATE_FAIL"": 3, ""TRANSITION_SOUNDNESS_FAIL"": 3, ""INSUFFICIENT_EVENTS"": 3}",Large constants remove budget difficulty; shuffled and trivial controls do not certify anything,BORDERLINE,Recurrence sparse or weak internal-check coverage
approach_q10_90,FAR from decoded goal -> NEAR decoded goal; not original goal attainment,0.348614680888713,0.6999069828576674,"{""counts"": [0, 1, 1, 1, 0, 0, 0, 2, 1, 0, 1, 0], ""n"": 12, ""min"": 0, ""median"": 0.5, ""max"": 2, ""variance"": 0.40972222222222215, ""zero_fraction"": 0.5, ""count_pass_fraction"": 0.08333333333333333, ""all_paths_count_pass"": false, ""modal_fraction"": 0.5}","{""counts"": [0, 1, 1, 1], ""n"": 4, ""min"": 0, ""median"": 1.0, ""max"": 1, ""variance"": 0.1875, ""zero_fraction"": 0.25, ""count_pass_fraction"": 0.0, ""all_paths_count_pass"": false, ""modal_fraction"": 0.75}",1/12,0/4,0.08333333333333333,1.7251332394282024,172.51332394282025,0.8757142857142858,"{""learned"": 0.0, ""constant_matched"": 0.0, ""constant_H_eta"": 0.0, ""shuffled"": 0.0}","{""INSUFFICIENT_EVENTS"": 4, ""DELTA_MARGIN_FAIL"": 3, ""REGION_GATE_FAIL"": 3, ""TRANSITION_SOUNDNESS_FAIL"": 3}",Large constants remove budget difficulty; shuffled and trivial controls do not certify anything,REJECT,No useful repeated-event distribution in the fit split
progress_q25_75,Receding from decoded goal -> approaching it; may reflect decoded jitter,0.349485887534763,0.7460596884805437,"{""counts"": [10, 22, 19, 19, 12, 11, 17, 18, 9, 32, 22, 18], ""n"": 12, ""min"": 9, ""median"": 18.0, ""max"": 32, ""variance"": 38.07638888888889, ""zero_fraction"": 0.0, ""count_pass_fraction"": 1.0, ""all_paths_count_pass"": true, ""modal_fraction"": 0.16666666666666666}","{""counts"": [30, 11, 15, 27], ""n"": 4, ""min"": 11, ""median"": 21.0, ""max"": 30, ""variance"": 63.1875, ""zero_fraction"": 0.0, ""count_pass_fraction"": 1.0, ""all_paths_count_pass"": true, ""modal_fraction"": 0.25}",12/12,1/4,0.75,0.10591943205121052,10.591943205121051,0.11228973309505967,"{""learned"": 0.25, ""constant_matched"": 0.5, ""constant_H_eta"": 1.0, ""shuffled"": 0.35}","{""DELTA_MARGIN_FAIL"": 3, ""REGION_GATE_FAIL"": 3, ""TRANSITION_SOUNDNESS_FAIL"": 3}",Large constants remove budget difficulty; shuffled and trivial controls do not certify anything,BORDERLINE,Events too frequent for intended interpretable 1-6 return regime
progress_q10_90,Receding from decoded goal -> approaching it; may reflect decoded jitter,0.20417842736750735,0.8705985533816771,"{""counts"": [3, 5, 7, 12, 6, 2, 9, 13, 5, 23, 16, 12], ""n"": 12, ""min"": 2, ""median"": 8.0, ""max"": 23, ""variance"": 33.90972222222222, ""zero_fraction"": 0.0, ""count_pass_fraction"": 1.0, ""all_paths_count_pass"": true, ""modal_fraction"": 0.16666666666666666}","{""counts"": [27, 7, 8, 18], ""n"": 4, ""min"": 7, ""median"": 13.0, ""max"": 27, ""variance"": 66.5, ""zero_fraction"": 0.0, ""count_pass_fraction"": 1.0, ""all_paths_count_pass"": true, ""modal_fraction"": 0.25}",12/12,1/4,0.75,0.27360207527192937,27.360207527192937,0.20860914454277288,"{""learned"": 0.25, ""constant_matched"": 0.25, ""constant_H_eta"": 1.0, ""shuffled"": 0.275}","{""DELTA_MARGIN_FAIL"": 3, ""REGION_GATE_FAIL"": 3, ""TRANSITION_SOUNDNESS_FAIL"": 3}",Large constants remove budget difficulty; shuffled and trivial controls do not certify anything,BORDERLINE,Events too frequent for intended interpretable 1-6 return regime
clearance_safe_q25_75,Clearance returns AND no decoded hazard throughout states0..300,0.4735981774226446,0.7910375755438274,"{""counts"": [1, 2, 2, 1, 1, 1, 2, 4, 2, 3, 2, 3], ""n"": 12, ""min"": 1, ""median"": 2.0, ""max"": 4, ""variance"": 0.8333333333333334, ""zero_fraction"": 0.0, ""count_pass_fraction"": 0.6666666666666666, ""all_paths_count_pass"": false, ""modal_fraction"": 0.4166666666666667}","{""counts"": [3, 2, 2, 3], ""n"": 4, ""min"": 2, ""median"": 2.5, ""max"": 3, ""variance"": 0.25, ""zero_fraction"": 0.0, ""count_pass_fraction"": 1.0, ""all_paths_count_pass"": true, ""modal_fraction"": 0.5}",5/12,2/4,-0.08333333333333331,0.6832635530233382,68.32635530233382,0.6396666666666666,"{""learned"": 0.5, ""constant_matched"": 0.0, ""constant_H_eta"": 0.75, ""shuffled"": 0.275}","{""DELTA_MARGIN_FAIL"": 2, ""REGION_GATE_FAIL"": 2, ""TRANSITION_SOUNDNESS_FAIL"": 2, ""SAFETY_CONJUNCT_FAIL"": 1}",Large constants remove budget difficulty; shuffled and trivial controls do not certify anything,BORDERLINE,Budget generalization lacks sufficient descriptive advantage
clearance_safe_q10_90,Clearance returns AND no decoded hazard throughout states0..300,0.38290708552676095,1.0271607785216392,"{""counts"": [0, 1, 1, 1, 1, 0, 1, 2, 0, 0, 1, 0], ""n"": 12, ""min"": 0, ""median"": 1.0, ""max"": 2, ""variance"": 0.3888888888888889, ""zero_fraction"": 0.4166666666666667, ""count_pass_fraction"": 0.08333333333333333, ""all_paths_count_pass"": false, ""modal_fraction"": 0.5}","{""counts"": [0, 0, 1, 1], ""n"": 4, ""min"": 0, ""median"": 0.5, ""max"": 1, ""variance"": 0.25, ""zero_fraction"": 0.5, ""count_pass_fraction"": 0.0, ""all_paths_count_pass"": false, ""modal_fraction"": 0.5}",1/12,0/4,0.08333333333333333,0.9009138917922973,90.09138917922972,0.5399999999999999,"{""learned"": 0.0, ""constant_matched"": 0.0, ""constant_H_eta"": 0.0, ""shuffled"": 0.0}","{""INSUFFICIENT_EVENTS"": 4, ""DELTA_MARGIN_FAIL"": 1, ""REGION_GATE_FAIL"": 1, ""TRANSITION_SOUNDNESS_FAIL"": 1, ""SAFETY_CONJUNCT_FAIL"": 1}",Large constants remove budget difficulty; shuffled and trivial controls do not certify anything,REJECT,No useful repeated-event distribution in the fit split
motion_safe_q25_75,Motion resumes AND no decoded hazard throughout states0..300,0.2314642400954701,0.7596940547566862,"{""counts"": [12, 19, 12, 20, 8, 12, 14, 16, 10, 18, 13, 17], ""n"": 12, ""min"": 8, ""median"": 13.5, ""max"": 20, ""variance"": 12.854166666666666, ""zero_fraction"": 0.0, ""count_pass_fraction"": 1.0, ""all_paths_count_pass"": true, ""modal_fraction"": 0.25}","{""counts"": [13, 12, 8, 11], ""n"": 4, ""min"": 8, ""median"": 11.5, ""max"": 13, ""variance"": 3.5, ""zero_fraction"": 0.0, ""count_pass_fraction"": 1.0, ""all_paths_count_pass"": true, ""modal_fraction"": 0.25}",9/12,0/4,0.75,0.1714886384355751,17.14886384355751,0.14190324295587453,"{""learned"": 0.0, ""constant_matched"": 0.0, ""constant_H_eta"": 0.75, ""shuffled"": 0.0}","{""DELTA_MARGIN_FAIL"": 4, ""REGION_GATE_FAIL"": 4, ""TRANSITION_SOUNDNESS_FAIL"": 4, ""SAFETY_CONJUNCT_FAIL"": 1}",Large constants remove budget difficulty; shuffled and trivial controls do not certify anything,BORDERLINE,Events too frequent for intended interpretable 1-6 return regime
motion_safe_q10_90,Motion resumes AND no decoded hazard throughout states0..300,0.10620508047248037,1.0249977548232574,"{""counts"": [3, 1, 3, 6, 5, 0, 4, 5, 2, 5, 7, 3], ""n"": 12, ""min"": 0, ""median"": 3.5, ""max"": 7, ""variance"": 3.8888888888888893, ""zero_fraction"": 0.08333333333333333, ""count_pass_fraction"": 0.8333333333333334, ""all_paths_count_pass"": false, ""modal_fraction"": 0.25}","{""counts"": [6, 2, 2, 4], ""n"": 4, ""min"": 2, ""median"": 3.0, ""max"": 6, ""variance"": 2.75, ""zero_fraction"": 0.0, ""count_pass_fraction"": 1.0, ""all_paths_count_pass"": true, ""modal_fraction"": 0.5}",8/12,0/4,0.6666666666666666,0.7528901657462121,75.28901657462121,0.5203246753246754,"{""learned"": 0.0, ""constant_matched"": 0.0, ""constant_H_eta"": 0.75, ""shuffled"": 0.175}","{""DELTA_MARGIN_FAIL"": 4, ""REGION_GATE_FAIL"": 4, ""TRANSITION_SOUNDNESS_FAIL"": 4, ""SAFETY_CONJUNCT_FAIL"": 1}",Large constants remove budget difficulty; shuffled and trivial controls do not certify anything,BORDERLINE,Budget generalization lacks sufficient descriptive advantage
