candidate,train_paths,internal_paths,internal_P1_bad,internal_P2_bad,certificate,status
previous19_baseline,80,19,10,12,19,BORDERLINE
elu_original_s0_g1,80,18,11,14,18,BORDERLINE
elu_original_s0_g2,80,18,11,12,18,BORDERLINE
elu_original_s0_g4,80,18,11,12,18,BORDERLINE
elu_original_s0_g8,80,18,11,11,18,BORDERLINE
elu_original_s0_mix0.25,80,18,10,11,18,BORDERLINE
elu_original_s0_mix0.5,80,19,11,11,19,BORDERLINE
elu_original_s0_mix0.75,80,19,10,11,19,BORDERLINE
elu_original_s0_min,80,19,9,11,19,BORDERLINE
elu_original_s0_max,80,18,12,13,18,BORDERLINE
elu_original_s1_g1,80,19,10,15,19,BORDERLINE
elu_original_s1_g2,80,19,10,12,19,BORDERLINE
elu_original_s1_g4,80,19,10,12,19,BORDERLINE
elu_original_s1_g8,80,19,10,10,19,BORDERLINE
elu_original_s1_mix0.25,80,19,10,11,19,BORDERLINE
elu_original_s1_mix0.5,80,19,10,11,19,BORDERLINE
elu_original_s1_mix0.75,80,19,10,11,19,BORDERLINE
elu_original_s1_min,80,19,10,12,19,BORDERLINE
elu_original_s1_max,80,19,9,11,19,BORDERLINE
elu_original_s2_g1,80,19,11,14,19,BORDERLINE
elu_original_s2_g2,80,19,11,13,19,BORDERLINE
elu_original_s2_g4,80,19,11,11,19,BORDERLINE
elu_original_s2_g8,80,19,11,11,19,BORDERLINE
elu_original_s2_mix0.25,80,19,11,12,19,BORDERLINE
elu_original_s2_mix0.5,80,19,13,13,19,BORDERLINE
elu_original_s2_mix0.75,80,19,10,13,19,BORDERLINE
elu_original_s2_min,80,19,12,12,19,BORDERLINE
elu_original_s2_max,80,19,9,11,19,BORDERLINE
elu_original_s3_g1,80,18,12,13,18,BORDERLINE
elu_original_s3_g2,80,18,12,13,18,BORDERLINE
elu_original_s3_g4,80,18,12,12,18,BORDERLINE
elu_original_s3_g8,80,18,12,12,18,BORDERLINE
elu_original_s3_mix0.25,80,18,13,13,18,BORDERLINE
elu_original_s3_mix0.5,80,19,13,13,19,BORDERLINE
elu_original_s3_mix0.75,80,19,13,14,19,BORDERLINE
elu_original_s3_min,80,19,10,11,19,BORDERLINE
elu_original_s3_max,80,18,13,13,18,BORDERLINE
elu256_s0_g1,80,18,12,16,18,BORDERLINE
elu256_s0_g2,80,18,12,15,18,BORDERLINE
elu256_s0_g4,80,18,12,14,18,BORDERLINE
elu256_s0_g8,80,18,12,12,18,BORDERLINE
elu256_s0_mix0.25,80,19,9,12,19,BORDERLINE
elu256_s0_mix0.5,80,19,9,11,19,BORDERLINE
elu256_s0_mix0.75,80,19,9,11,19,BORDERLINE
elu256_s0_min,80,18,12,14,18,BORDERLINE
elu256_s0_max,80,19,10,12,19,BORDERLINE
elu256_s1_g1,80,18,13,16,18,BORDERLINE
elu256_s1_g2,80,18,13,14,18,BORDERLINE
elu256_s1_g4,80,18,13,14,18,BORDERLINE
elu256_s1_g8,80,18,13,13,18,BORDERLINE
elu256_s1_mix0.25,80,19,10,11,19,BORDERLINE
elu256_s1_mix0.5,80,19,11,12,19,BORDERLINE
elu256_s1_mix0.75,80,19,10,11,19,BORDERLINE
elu256_s1_min,80,19,13,14,19,BORDERLINE
elu256_s1_max,80,18,10,12,18,BORDERLINE
elu256_s2_g1,80,15,16,20,15,BORDERLINE
elu256_s2_g2,80,15,16,18,15,BORDERLINE
elu256_s2_g4,80,15,16,17,15,BORDERLINE
elu256_s2_g8,80,15,16,16,15,BORDERLINE
elu256_s2_mix0.25,80,16,12,12,16,BORDERLINE
elu256_s2_mix0.5,80,18,12,12,18,BORDERLINE
elu256_s2_mix0.75,80,18,11,12,18,BORDERLINE
elu256_s2_min,80,17,15,16,17,BORDERLINE
elu256_s2_max,80,17,11,12,17,BORDERLINE
elu256_s3_g1,80,15,19,21,15,BORDERLINE
elu256_s3_g2,80,15,19,20,15,BORDERLINE
elu256_s3_g4,80,15,19,20,15,BORDERLINE
elu256_s3_g8,80,15,19,20,15,BORDERLINE
elu256_s3_mix0.25,80,15,16,19,15,BORDERLINE
elu256_s3_mix0.5,80,17,14,15,17,BORDERLINE
elu256_s3_mix0.75,80,18,10,10,18,BORDERLINE
elu256_s3_min,80,19,13,14,19,BORDERLINE
elu256_s3_max,80,15,16,17,15,BORDERLINE
elu_deter_s0_g1,80,19,12,21,19,BORDERLINE
elu_deter_s0_g2,80,19,12,17,19,BORDERLINE
elu_deter_s0_g4,80,19,12,13,19,BORDERLINE
elu_deter_s0_g8,80,19,12,13,19,BORDERLINE
elu_deter_s0_mix0.25,80,19,9,12,19,BORDERLINE
elu_deter_s0_mix0.5,80,19,9,10,19,BORDERLINE
elu_deter_s0_mix0.75,80,19,9,10,19,BORDERLINE
elu_deter_s0_min,80,19,12,13,19,BORDERLINE
elu_deter_s0_max,80,19,10,12,19,BORDERLINE
elu_deter_s1_g1,80,19,9,19,19,BORDERLINE
elu_deter_s1_g2,80,19,9,12,19,BORDERLINE
elu_deter_s1_g4,80,19,9,11,19,BORDERLINE
elu_deter_s1_g8,80,19,9,11,19,BORDERLINE
elu_deter_s1_mix0.25,80,19,10,10,19,BORDERLINE
elu_deter_s1_mix0.5,80,19,9,9,19,BORDERLINE
elu_deter_s1_mix0.75,80,19,9,10,19,BORDERLINE
elu_deter_s1_min,80,19,9,11,19,BORDERLINE
elu_deter_s1_max,80,19,10,12,19,BORDERLINE
elu_deter_s2_g1,80,17,16,20,17,BORDERLINE
elu_deter_s2_g2,80,17,16,18,17,BORDERLINE
elu_deter_s2_g4,80,17,16,17,17,BORDERLINE
elu_deter_s2_g8,80,17,16,16,17,BORDERLINE
elu_deter_s2_mix0.25,80,17,15,16,17,BORDERLINE
elu_deter_s2_mix0.5,80,18,11,12,18,BORDERLINE
elu_deter_s2_mix0.75,80,19,9,9,19,BORDERLINE
elu_deter_s2_min,80,17,15,16,17,BORDERLINE
elu_deter_s2_max,80,19,9,11,19,BORDERLINE
elu_deter_s3_g1,80,18,9,14,18,BORDERLINE
elu_deter_s3_g2,80,18,9,13,18,BORDERLINE
elu_deter_s3_g4,80,18,9,11,18,BORDERLINE
elu_deter_s3_g8,80,18,9,9,18,BORDERLINE
elu_deter_s3_mix0.25,80,19,9,10,19,BORDERLINE
elu_deter_s3_mix0.5,80,19,8,9,19,BORDERLINE
elu_deter_s3_mix0.75,80,19,9,9,19,BORDERLINE
elu_deter_s3_min,80,19,10,12,19,BORDERLINE
elu_deter_s3_max,80,18,9,10,18,BORDERLINE
tanh_s0_g1,80,16,15,17,16,BORDERLINE
tanh_s0_g2,80,16,15,15,16,BORDERLINE
tanh_s0_g4,80,16,15,15,16,BORDERLINE
tanh_s0_g8,80,16,15,15,16,BORDERLINE
tanh_s0_mix0.25,80,18,10,11,18,BORDERLINE
tanh_s0_mix0.5,80,19,9,9,19,BORDERLINE
tanh_s0_mix0.75,80,19,11,11,19,BORDERLINE
tanh_s0_min,80,19,10,12,19,BORDERLINE
tanh_s0_max,80,16,15,15,16,BORDERLINE
tanh_s1_g1,80,15,15,18,15,BORDERLINE
tanh_s1_g2,80,15,15,18,15,BORDERLINE
tanh_s1_g4,80,16,15,17,16,BORDERLINE
tanh_s1_g8,80,16,15,15,16,BORDERLINE
tanh_s1_mix0.25,80,16,15,15,16,BORDERLINE
tanh_s1_mix0.5,80,19,11,12,19,BORDERLINE
tanh_s1_mix0.75,80,19,11,12,19,BORDERLINE
tanh_s1_min,80,19,10,11,19,BORDERLINE
tanh_s1_max,80,16,15,17,16,BORDERLINE
tanh_s2_g1,80,16,13,14,16,BORDERLINE
tanh_s2_g2,80,17,13,13,17,BORDERLINE
tanh_s2_g4,80,17,13,13,17,BORDERLINE
tanh_s2_g8,80,17,13,13,17,BORDERLINE
tanh_s2_mix0.25,80,18,11,12,18,BORDERLINE
tanh_s2_mix0.5,80,19,10,10,19,BORDERLINE
tanh_s2_mix0.75,80,19,10,11,19,BORDERLINE
tanh_s2_min,80,19,10,12,19,BORDERLINE
tanh_s2_max,80,17,13,13,17,BORDERLINE
tanh_s3_g1,80,19,11,11,19,BORDERLINE
tanh_s3_g2,80,19,11,11,19,BORDERLINE
tanh_s3_g4,80,19,11,11,19,BORDERLINE
tanh_s3_g8,80,19,11,11,19,BORDERLINE
tanh_s3_mix0.25,80,19,10,10,19,BORDERLINE
tanh_s3_mix0.5,80,19,10,10,19,BORDERLINE
tanh_s3_mix0.75,80,19,9,11,19,BORDERLINE
tanh_s3_min,80,19,9,11,19,BORDERLINE
tanh_s3_max,80,19,11,11,19,BORDERLINE
silu_s0_g1,80,19,12,19,19,BORDERLINE
silu_s0_g2,80,19,12,15,19,BORDERLINE
silu_s0_g4,80,19,12,15,19,BORDERLINE
silu_s0_g8,80,19,12,15,19,BORDERLINE
silu_s0_mix0.25,80,19,11,13,19,BORDERLINE
silu_s0_mix0.5,80,19,9,12,19,BORDERLINE
silu_s0_mix0.75,80,19,9,10,19,BORDERLINE
silu_s0_min,80,19,12,15,19,BORDERLINE
silu_s0_max,80,19,10,12,19,BORDERLINE
silu_s1_g1,80,14,19,24,14,BORDERLINE
silu_s1_g2,80,14,19,22,14,BORDERLINE
silu_s1_g4,80,14,19,21,14,BORDERLINE
silu_s1_g8,80,15,19,19,15,BORDERLINE
silu_s1_mix0.25,80,15,18,18,15,BORDERLINE
silu_s1_mix0.5,80,17,15,16,17,BORDERLINE
silu_s1_mix0.75,80,19,11,12,19,BORDERLINE
silu_s1_min,80,14,19,21,14,BORDERLINE
silu_s1_max,80,19,10,12,19,BORDERLINE
silu_s2_g1,80,12,21,25,12,BORDERLINE
silu_s2_g2,80,12,21,24,12,BORDERLINE
silu_s2_g4,80,12,21,23,12,BORDERLINE
silu_s2_g8,80,13,21,22,13,BORDERLINE
silu_s2_mix0.25,80,14,21,21,14,BORDERLINE
silu_s2_mix0.5,80,16,17,18,16,BORDERLINE
silu_s2_mix0.75,80,17,12,14,17,BORDERLINE
silu_s2_min,80,13,21,22,13,BORDERLINE
silu_s2_max,80,17,11,14,17,BORDERLINE
silu_s3_g1,80,14,18,22,14,BORDERLINE
silu_s3_g2,80,14,18,20,14,BORDERLINE
silu_s3_g4,80,14,18,19,14,BORDERLINE
silu_s3_g8,80,14,18,19,14,BORDERLINE
silu_s3_mix0.25,80,14,18,20,14,BORDERLINE
silu_s3_mix0.5,80,17,15,15,17,BORDERLINE
silu_s3_mix0.75,80,18,11,12,18,BORDERLINE
silu_s3_min,80,18,11,12,18,BORDERLINE
silu_s3_max,80,15,17,19,15,BORDERLINE
softplus_s0_g1,80,19,9,17,19,BORDERLINE
softplus_s0_g2,80,19,9,12,19,BORDERLINE
softplus_s0_g4,80,19,9,10,19,BORDERLINE
softplus_s0_g8,80,19,9,9,19,BORDERLINE
softplus_s0_mix0.25,80,19,8,12,19,BORDERLINE
softplus_s0_mix0.5,80,19,9,10,19,BORDERLINE
softplus_s0_mix0.75,80,19,10,11,19,BORDERLINE
softplus_s0_min,80,19,8,11,19,BORDERLINE
softplus_s0_max,80,19,10,11,19,BORDERLINE
softplus_s1_g1,80,19,11,12,19,BORDERLINE
softplus_s1_g2,80,19,11,11,19,BORDERLINE
softplus_s1_g4,80,19,11,11,19,BORDERLINE
softplus_s1_g8,80,19,11,11,19,BORDERLINE
softplus_s1_mix0.25,80,19,9,9,19,BORDERLINE
softplus_s1_mix0.5,80,19,9,10,19,BORDERLINE
softplus_s1_mix0.75,80,19,9,11,19,BORDERLINE
softplus_s1_min,80,19,10,10,19,BORDERLINE
softplus_s1_max,80,19,8,10,19,BORDERLINE
softplus_s2_g1,80,19,10,16,19,BORDERLINE
softplus_s2_g2,80,19,10,11,19,BORDERLINE
softplus_s2_g4,80,19,10,11,19,BORDERLINE
softplus_s2_g8,80,19,10,10,19,BORDERLINE
softplus_s2_mix0.25,80,19,8,10,19,BORDERLINE
softplus_s2_mix0.5,80,19,9,10,19,BORDERLINE
softplus_s2_mix0.75,80,19,9,10,19,BORDERLINE
softplus_s2_min,80,19,12,13,19,BORDERLINE
softplus_s2_max,80,19,8,10,19,BORDERLINE
softplus_s3_g1,80,19,9,11,19,BORDERLINE
softplus_s3_g2,80,19,9,10,19,BORDERLINE
softplus_s3_g4,80,19,9,10,19,BORDERLINE
softplus_s3_g8,80,19,9,9,19,BORDERLINE
softplus_s3_mix0.25,80,19,9,9,19,BORDERLINE
softplus_s3_mix0.5,80,19,7,8,19,BORDERLINE
softplus_s3_mix0.75,80,19,9,9,19,BORDERLINE
softplus_s3_min,80,19,10,12,19,BORDERLINE
softplus_s3_max,80,19,9,10,19,BORDERLINE
residual_s0_g1,80,17,14,21,17,BORDERLINE
residual_s0_g2,80,17,14,18,17,BORDERLINE
residual_s0_g4,80,17,14,17,17,BORDERLINE
residual_s0_g8,80,17,14,16,17,BORDERLINE
residual_s0_mix0.25,80,19,13,14,19,BORDERLINE
residual_s0_mix0.5,80,19,12,13,19,BORDERLINE
residual_s0_mix0.75,80,19,10,12,19,BORDERLINE
residual_s0_min,80,17,14,17,17,BORDERLINE
residual_s0_max,80,19,10,12,19,BORDERLINE
residual_s1_g1,80,16,16,18,16,BORDERLINE
residual_s1_g2,80,16,16,17,16,BORDERLINE
residual_s1_g4,80,16,16,17,16,BORDERLINE
residual_s1_g8,80,16,16,16,16,BORDERLINE
residual_s1_mix0.25,80,18,14,14,18,BORDERLINE
residual_s1_mix0.5,80,18,13,16,18,BORDERLINE
residual_s1_mix0.75,80,18,13,14,18,BORDERLINE
residual_s1_min,80,16,16,17,16,BORDERLINE
residual_s1_max,80,19,10,12,19,BORDERLINE
residual_s2_g1,80,13,23,25,13,BORDERLINE
residual_s2_g2,80,13,23,25,13,BORDERLINE
residual_s2_g4,80,13,23,24,13,BORDERLINE
residual_s2_g8,80,13,23,23,13,BORDERLINE
residual_s2_mix0.25,80,14,20,22,14,BORDERLINE
residual_s2_mix0.5,80,16,18,18,16,BORDERLINE
residual_s2_mix0.75,80,18,12,12,18,BORDERLINE
residual_s2_min,80,13,23,24,13,BORDERLINE
residual_s2_max,80,19,10,12,19,BORDERLINE
residual_s3_g1,80,16,15,18,16,BORDERLINE
residual_s3_g2,80,16,15,17,16,BORDERLINE
residual_s3_g4,80,16,15,16,16,BORDERLINE
residual_s3_g8,80,16,15,15,16,BORDERLINE
residual_s3_mix0.25,80,16,13,14,16,BORDERLINE
residual_s3_mix0.5,80,16,14,15,16,BORDERLINE
residual_s3_mix0.75,80,19,12,13,19,BORDERLINE
residual_s3_min,80,19,11,11,19,BORDERLINE
residual_s3_max,80,16,14,17,16,BORDERLINE
mode_heads_s0_g1,80,18,12,23,18,BORDERLINE
mode_heads_s0_g2,80,18,12,17,18,BORDERLINE
mode_heads_s0_g4,80,18,12,12,18,BORDERLINE
mode_heads_s0_g8,80,18,12,12,18,BORDERLINE
mode_heads_s0_mix0.25,80,18,10,11,18,BORDERLINE
mode_heads_s0_mix0.5,80,18,10,12,18,BORDERLINE
mode_heads_s0_mix0.75,80,19,9,10,19,BORDERLINE
mode_heads_s0_min,80,18,12,12,18,BORDERLINE
mode_heads_s0_max,80,19,10,12,19,BORDERLINE
mode_heads_s1_g1,80,16,14,21,16,BORDERLINE
mode_heads_s1_g2,80,17,14,18,17,BORDERLINE
mode_heads_s1_g4,80,17,14,17,17,BORDERLINE
mode_heads_s1_g8,80,17,14,15,17,BORDERLINE
mode_heads_s1_mix0.25,80,18,14,15,18,BORDERLINE
mode_heads_s1_mix0.5,80,19,12,13,19,BORDERLINE
mode_heads_s1_mix0.75,80,19,11,12,19,BORDERLINE
mode_heads_s1_min,80,18,13,16,18,BORDERLINE
mode_heads_s1_max,80,18,12,14,18,BORDERLINE
mode_heads_s2_g1,80,16,19,23,16,BORDERLINE
mode_heads_s2_g2,80,16,19,21,16,BORDERLINE
mode_heads_s2_g4,80,16,19,21,16,BORDERLINE
mode_heads_s2_g8,80,16,19,21,16,BORDERLINE
mode_heads_s2_mix0.25,80,16,17,18,16,BORDERLINE
mode_heads_s2_mix0.5,80,16,14,14,16,BORDERLINE
mode_heads_s2_mix0.75,80,18,10,10,18,BORDERLINE
mode_heads_s2_min,80,17,17,19,17,BORDERLINE
mode_heads_s2_max,80,18,12,14,18,BORDERLINE
mode_heads_s3_g1,80,15,18,20,15,BORDERLINE
mode_heads_s3_g2,80,15,18,20,15,BORDERLINE
mode_heads_s3_g4,80,15,18,19,15,BORDERLINE
mode_heads_s3_g8,80,15,18,18,15,BORDERLINE
mode_heads_s3_mix0.25,80,17,15,15,17,BORDERLINE
mode_heads_s3_mix0.5,80,18,15,16,18,BORDERLINE
mode_heads_s3_mix0.75,80,18,14,14,18,BORDERLINE
mode_heads_s3_min,80,18,11,12,18,BORDERLINE
mode_heads_s3_max,80,16,17,19,16,BORDERLINE
max8_s0_g1,80,13,20,24,13,BORDERLINE
max8_s0_g2,80,13,20,23,13,BORDERLINE
max8_s0_g4,80,13,20,22,13,BORDERLINE
max8_s0_g8,80,14,20,20,14,BORDERLINE
max8_s0_mix0.25,80,15,18,18,15,BORDERLINE
max8_s0_mix0.5,80,16,13,16,16,BORDERLINE
max8_s0_mix0.75,80,19,8,9,19,BORDERLINE
max8_s0_min,80,19,11,13,19,BORDERLINE
max8_s0_max,80,14,19,20,14,BORDERLINE
max8_s1_g1,80,15,18,22,15,BORDERLINE
max8_s1_g2,80,15,18,20,15,BORDERLINE
max8_s1_g4,80,16,18,18,16,BORDERLINE
max8_s1_g8,80,16,18,18,16,BORDERLINE
max8_s1_mix0.25,80,17,15,15,17,BORDERLINE
max8_s1_mix0.5,80,18,12,13,18,BORDERLINE
max8_s1_mix0.75,80,19,11,11,19,BORDERLINE
max8_s1_min,80,17,13,15,17,BORDERLINE
max8_s1_max,80,17,15,15,17,BORDERLINE
max8_s2_g1,80,15,22,25,15,BORDERLINE
max8_s2_g2,80,15,22,24,15,BORDERLINE
max8_s2_g4,80,15,22,24,15,BORDERLINE
max8_s2_g8,80,15,22,22,15,BORDERLINE
max8_s2_mix0.25,80,15,21,21,15,BORDERLINE
max8_s2_mix0.5,80,16,19,19,16,BORDERLINE
max8_s2_mix0.75,80,18,15,16,18,BORDERLINE
max8_s2_min,80,19,13,15,19,BORDERLINE
max8_s2_max,80,15,19,21,15,BORDERLINE
max8_s3_g1,80,15,19,22,15,BORDERLINE
max8_s3_g2,80,15,19,21,15,BORDERLINE
max8_s3_g4,80,15,19,21,15,BORDERLINE
max8_s3_g8,80,15,19,21,15,BORDERLINE
max8_s3_mix0.25,80,15,20,20,15,BORDERLINE
max8_s3_mix0.5,80,17,16,16,17,BORDERLINE
max8_s3_mix0.75,80,19,12,12,19,BORDERLINE
max8_s3_min,80,19,10,12,19,BORDERLINE
max8_s3_max,80,15,19,21,15,BORDERLINE
quadratic_s0_g1,80,11,21,25,11,BORDERLINE
quadratic_s0_g2,80,12,21,22,12,BORDERLINE
quadratic_s0_g4,80,12,21,22,12,BORDERLINE
quadratic_s0_g8,80,13,21,21,13,BORDERLINE
quadratic_s0_mix0.25,80,15,17,17,15,BORDERLINE
quadratic_s0_mix0.5,80,16,16,16,16,BORDERLINE
quadratic_s0_mix0.75,80,19,12,12,19,BORDERLINE
quadratic_s0_min,80,13,20,21,13,BORDERLINE
quadratic_s0_max,80,19,10,12,19,BORDERLINE
quadratic_s1_g1,80,14,24,32,14,BORDERLINE
quadratic_s1_g2,80,14,24,28,14,BORDERLINE
quadratic_s1_g4,80,14,24,26,14,BORDERLINE
quadratic_s1_g8,80,14,24,25,14,BORDERLINE
quadratic_s1_mix0.25,80,14,18,21,14,BORDERLINE
quadratic_s1_mix0.5,80,17,14,16,17,BORDERLINE
quadratic_s1_mix0.75,80,19,10,10,19,BORDERLINE
quadratic_s1_min,80,14,23,25,14,BORDERLINE
quadratic_s1_max,80,19,10,12,19,BORDERLINE
quadratic_s2_g1,80,12,22,28,12,BORDERLINE
quadratic_s2_g2,80,12,22,25,12,BORDERLINE
quadratic_s2_g4,80,13,22,23,13,BORDERLINE
quadratic_s2_g8,80,13,22,22,13,BORDERLINE
quadratic_s2_mix0.25,80,13,19,20,13,BORDERLINE
quadratic_s2_mix0.5,80,14,18,19,14,BORDERLINE
quadratic_s2_mix0.75,80,16,14,15,16,BORDERLINE
quadratic_s2_min,80,13,21,22,13,BORDERLINE
quadratic_s2_max,80,18,11,13,18,BORDERLINE
quadratic_s3_g1,80,16,18,21,16,BORDERLINE
quadratic_s3_g2,80,16,18,19,16,BORDERLINE
quadratic_s3_g4,80,16,18,18,16,BORDERLINE
quadratic_s3_g8,80,16,18,18,16,BORDERLINE
quadratic_s3_mix0.25,80,17,13,14,17,BORDERLINE
quadratic_s3_mix0.5,80,18,13,14,18,BORDERLINE
quadratic_s3_mix0.75,80,18,12,14,18,BORDERLINE
quadratic_s3_min,80,18,12,12,18,BORDERLINE
quadratic_s3_max,80,17,14,16,17,BORDERLINE
fourier_s0_g1,80,19,12,17,19,BORDERLINE
fourier_s0_g2,80,19,12,16,19,BORDERLINE
fourier_s0_g4,80,19,12,14,19,BORDERLINE
fourier_s0_g8,80,19,12,13,19,BORDERLINE
fourier_s0_mix0.25,80,19,13,14,19,BORDERLINE
fourier_s0_mix0.5,80,19,11,12,19,BORDERLINE
fourier_s0_mix0.75,80,19,10,11,19,BORDERLINE
fourier_s0_min,80,19,10,12,19,BORDERLINE
fourier_s0_max,80,19,11,13,19,BORDERLINE
fourier_s1_g1,80,12,24,29,12,BORDERLINE
fourier_s1_g2,80,12,24,28,12,BORDERLINE
fourier_s1_g4,80,12,24,25,12,BORDERLINE
fourier_s1_g8,80,12,24,24,12,BORDERLINE
fourier_s1_mix0.25,80,16,18,19,16,BORDERLINE
fourier_s1_mix0.5,80,19,10,11,19,BORDERLINE
fourier_s1_mix0.75,80,19,11,12,19,BORDERLINE
fourier_s1_min,80,12,24,25,12,BORDERLINE
fourier_s1_max,80,19,10,12,19,BORDERLINE
fourier_s2_g1,80,14,19,23,14,BORDERLINE
fourier_s2_g2,80,14,19,22,14,BORDERLINE
fourier_s2_g4,80,14,19,21,14,BORDERLINE
fourier_s2_g8,80,15,19,20,15,BORDERLINE
fourier_s2_mix0.25,80,15,17,19,15,BORDERLINE
fourier_s2_mix0.5,80,18,14,15,18,BORDERLINE
fourier_s2_mix0.75,80,18,13,13,18,BORDERLINE
fourier_s2_min,80,15,17,19,15,BORDERLINE
fourier_s2_max,80,18,13,15,18,BORDERLINE
fourier_s3_g1,80,18,9,13,18,BORDERLINE
fourier_s3_g2,80,18,9,13,18,BORDERLINE
fourier_s3_g4,80,18,9,11,18,BORDERLINE
fourier_s3_g8,80,18,9,11,18,BORDERLINE
fourier_s3_mix0.25,80,19,10,10,19,BORDERLINE
fourier_s3_mix0.5,80,19,9,10,19,BORDERLINE
fourier_s3_mix0.75,80,19,10,10,19,BORDERLINE
fourier_s3_min,80,19,10,12,19,BORDERLINE
fourier_s3_max,80,18,9,11,18,BORDERLINE
latent_s0_g1,80,18,10,20,18,BORDERLINE
latent_s0_g2,80,19,10,14,19,BORDERLINE
latent_s0_g4,80,19,10,12,19,BORDERLINE
latent_s0_g8,80,19,10,12,19,BORDERLINE
latent_s0_mix0.25,80,19,12,13,19,BORDERLINE
latent_s0_mix0.5,80,19,9,11,19,BORDERLINE
latent_s0_mix0.75,80,19,9,9,19,BORDERLINE
latent_s0_min,80,19,10,12,19,BORDERLINE
latent_s0_max,80,19,10,12,19,BORDERLINE
latent_s1_g1,80,12,22,24,12,BORDERLINE
latent_s1_g2,80,12,22,24,12,BORDERLINE
latent_s1_g4,80,12,22,23,12,BORDERLINE
latent_s1_g8,80,12,22,23,12,BORDERLINE
latent_s1_mix0.25,80,14,16,18,14,BORDERLINE
latent_s1_mix0.5,80,17,12,13,17,BORDERLINE
latent_s1_mix0.75,80,18,11,11,18,BORDERLINE
latent_s1_min,80,16,14,15,16,BORDERLINE
latent_s1_max,80,16,15,16,16,BORDERLINE
latent_s2_g1,80,11,23,27,11,BORDERLINE
latent_s2_g2,80,11,23,25,11,BORDERLINE
latent_s2_g4,80,12,23,24,12,BORDERLINE
latent_s2_g8,80,13,23,23,13,BORDERLINE
latent_s2_mix0.25,80,15,18,21,15,BORDERLINE
latent_s2_mix0.5,80,19,11,12,19,BORDERLINE
latent_s2_mix0.75,80,19,9,10,19,BORDERLINE
latent_s2_min,80,17,15,16,17,BORDERLINE
latent_s2_max,80,15,17,19,15,BORDERLINE
latent_s3_g1,80,13,21,24,13,BORDERLINE
latent_s3_g2,80,13,21,22,13,BORDERLINE
latent_s3_g4,80,13,21,21,13,BORDERLINE
latent_s3_g8,80,13,21,21,13,BORDERLINE
latent_s3_mix0.25,80,14,20,20,14,BORDERLINE
latent_s3_mix0.5,80,15,16,17,15,BORDERLINE
latent_s3_mix0.75,80,17,11,12,17,BORDERLINE
latent_s3_min,80,19,11,11,19,BORDERLINE
latent_s3_max,80,13,20,22,13,BORDERLINE
