name,split,required,raw_pass,fixed_slack_pass,min,q10,median,q90,max
W_k32_m0.01_H1_path0,train,35,35,12,-0.6802735419842065,-0.2722279044101015,-0.10675302194431424,-0.05183178260922431,-0.019196820714569185
W_k32_m0.01_H1_path0,development,28,9,1,-0.24655854084994644,-0.11342585699749179,-0.0007812266671862744,0.01942688389390242,0.07332796626724303
W_k32_m0.05_H1_path0,train,35,35,21,-0.7788682208047248,-0.32377498485147954,-0.1610824428498745,-0.091467544605257,-0.08061910643300507
W_k32_m0.05_H1_path0,development,28,10,3,-0.1831799269421026,-0.1413532108093932,-0.0015208059430733556,0.07811150914785686,0.14269635756500065
W_k32_m0.1_H1_path0,train,35,35,27,-0.5563210661057383,-0.45472550413105634,-0.22091456083580852,-0.1233629453665344,-0.10299599729478359
W_k32_m0.1_H1_path0,development,28,11,0,-0.1440882617025636,-0.11313934227146091,-0.0024443915044685127,0.059258348763614806,0.21506867988500744
U_k32_m0.001_H1_path0,train,111,111,3,-0.15934342565014958,-0.10416104027535766,-0.05799322098027915,-0.03292111959308386,-0.0051718163304030895
U_k32_m0.001_H1_path0,development,74,41,0,-0.11893858964322135,-0.047243651375174514,-0.0020503397954598768,0.04394765800534515,0.11187063244142337
U_k32_m0.001_H2_candidate_path0,train,35,35,5,-0.1844752313918434,-0.1482410647207871,-0.06832505878992379,-0.03745667515322565,-0.009500459535047412
U_k32_m0.001_H2_candidate_path0,development,28,17,2,-0.17203271911421325,-0.10001004682926577,-0.007183034949775902,0.020523256204251085,0.10876486679626396
U_k32_m0.03_H1_path0,train,111,111,45,-0.49508147733286023,-0.25028970185667276,-0.11094661394599825,-0.06958034913986921,-0.032276405836455524
U_k32_m0.03_H1_path0,development,74,35,1,-0.19821075499930885,-0.04758142498903908,0.0022305730326479534,0.03740095762477722,0.09211628071352607
U_k32_m0.03_H2_candidate_path0,train,35,35,24,-0.5136468420969322,-0.3252331278519705,-0.17257753905141726,-0.08644510861486193,-0.037892560474574566
U_k32_m0.03_H2_candidate_path0,development,28,14,1,-0.17514279540773714,-0.09623915254451276,-0.009313383896369487,0.03906384080910358,0.12832888254342834
W_k32_m0.01_H1_path0.5,train,35,35,0,-0.07462859246879816,-0.05930733860004693,-0.03157179057598114,-0.01718866960145533,-0.014441057195654139
W_k32_m0.01_H1_path0.5,development,28,17,0,-0.08542452400433831,-0.050916607229737565,-0.01857553282752633,0.01243927286741383,0.08210160332964733
W_k32_m0.05_H1_path0.5,train,35,35,0,-0.14202048280276358,-0.09732046332210302,-0.07633234560489655,-0.06553399768017698,-0.038453240631497465
W_k32_m0.05_H1_path0.5,development,28,21,1,-0.15905720459704753,-0.08920619406853803,-0.05261950159911066,0.009205570473386625,0.05027345533744665
W_k32_m0.1_H1_path0.5,train,35,35,22,-0.25019690295448527,-0.21606499066983814,-0.16348626418039203,-0.12377385459840298,-0.10925188614055514
W_k32_m0.1_H1_path0.5,development,28,20,1,-0.166142541107547,-0.12488172429148107,-0.04394715304260899,0.0037175250111431547,0.031443389051673876
U_k32_m0.001_H1_path0.5,train,111,110,1,-0.24461358599364758,-0.039364653173834085,-0.016923945862799883,-0.0073148338124156,5.79997431486845e-05
U_k32_m0.001_H1_path0.5,development,74,44,0,-0.06841643268126063,-0.024770520703168587,-0.0037815539981238544,0.01583654637943255,0.10492836227058433
U_k32_m0.03_H1_path0.5,train,111,111,5,-0.25106480717658997,-0.09941699798218906,-0.06108416593633592,-0.038585915230214596,-0.021192739019170403
U_k32_m0.03_H1_path0.5,development,74,43,0,-0.10184951635892503,-0.03949997475720011,-0.004745687168906443,0.025772921036696064,0.10408231560722925
W_k128_m0.01_H1_path0,train,35,35,7,-0.27624104084679857,-0.19552543689496815,-0.09930785486358218,-0.0356094627015409,-0.014418610458960757
W_k128_m0.01_H1_path0,development,28,10,2,-0.17996804299764335,-0.08643223511971881,-0.005683494765889918,0.02889341548434459,0.04698679624198121
W_k128_m0.05_H1_path0,train,35,35,20,-0.5443734285872779,-0.27652662953478285,-0.15961841974785784,-0.07901836814708074,-0.05518856772687286
W_k128_m0.05_H1_path0,development,28,12,0,-0.11635888007003814,-0.060296499994183246,-0.0037121020150152617,0.045331243373220795,0.11451139886048622
W_k128_m0.1_H1_path0,train,35,35,34,-0.8616635998041602,-0.5974473168564145,-0.3331460634726682,-0.2130682396003976,-0.11305903864558786
W_k128_m0.1_H1_path0,development,28,11,2,-0.2135011127757025,-0.12850317822012586,-0.003435015110881068,0.09062025464372711,0.30006829620106146
U_k128_m0.001_H1_path0,train,111,111,1,-0.13807127792824758,-0.09461854038818274,-0.059054219906101935,-0.027673843695083633,-0.01553895314282272
U_k128_m0.001_H1_path0,development,74,44,0,-0.11930485373159172,-0.051448195649572884,-0.005499102348039742,0.04086811592387676,0.13009269340182072
U_k128_m0.001_H2_candidate_path0,train,35,35,26,-0.7759454255283345,-0.7083770701399772,-0.3232466671615839,-0.07878407199750652,-0.047484072361839935
U_k128_m0.001_H2_candidate_path0,development,28,11,6,-0.4550389073701808,-0.24080110721188247,0.016715758170903428,0.10440454789495564,0.2677591326937545
U_k128_m0.03_H1_path0,train,111,111,9,-0.3740871809714008,-0.13507783807290252,-0.0858721202093875,-0.05997083966212813,-0.03532168144010939
U_k128_m0.03_H1_path0,development,74,48,0,-0.09308311299537309,-0.04919110036207712,-0.0056761588020890485,0.03128163938781656,0.10473121092218207
U_k128_m0.03_H2_candidate_path0,train,35,35,27,-0.6376776017568773,-0.4454283693485195,-0.20174523457535543,-0.1109390931553207,-0.06806390748533886
U_k128_m0.03_H2_candidate_path0,development,28,18,1,-0.17570940162113402,-0.0879849253440625,-0.016317758520017378,0.05082110185539933,0.14355355425504968
