function,gain,fit_paths,internal_paths,internal_P1_bad,internal_P2_bad,certificate,status
full128,1.0,80,13,19,24,13,BORDERLINE
full128,2.0,80,14,19,20,14,BORDERLINE
full128,4.0,80,14,19,19,14,BORDERLINE
full256,1.0,80,17,14,19,17,BORDERLINE
full256,2.0,80,17,14,16,17,BORDERLINE
full256,4.0,80,17,14,15,17,BORDERLINE
deter128,1.0,80,15,16,23,15,BORDERLINE
deter128,2.0,80,15,16,18,15,BORDERLINE
deter128,4.0,80,15,16,17,15,BORDERLINE
kinematic64,1.0,18,7,32,33,7,BORDERLINE
kinematic64,2.0,18,7,32,33,7,BORDERLINE
kinematic64,4.0,20,7,32,33,7,BORDERLINE
full_max4,1.0,80,7,30,33,7,BORDERLINE
full_max4,2.0,80,7,30,32,7,BORDERLINE
full_max4,4.0,80,7,30,30,7,BORDERLINE
full_residual,1.0,80,14,18,24,14,BORDERLINE
full_residual,2.0,80,14,18,21,14,BORDERLINE
full_residual,4.0,80,15,18,19,15,BORDERLINE
full128_rank,1.0,80,10,28,31,10,BORDERLINE
full128_rank,2.0,80,10,28,28,10,BORDERLINE
full128_rank,4.0,80,10,28,28,10,BORDERLINE
deter128_rank,1.0,80,15,16,24,15,BORDERLINE
deter128_rank,2.0,80,15,16,19,15,BORDERLINE
deter128_rank,4.0,80,15,16,18,15,BORDERLINE
original_motion_burst_elu128,4.0,80,18,13,14,18,BORDERLINE
