fit_index,partition,event_count,hazard_interruption_count,hazard_state_count,preview,M_MIN,drift_pass,delta_margin_pass,region_gate_pass,transition_soundness_pass,event_source_pass,CV_pass,sliding_pass,fit_preview_C_rec,failure_reasons
0,train,6,0,0,delta_zero,3,True,False,False,False,True,,,False,DELTA_MARGIN_FAIL|REGION_GATE_FAIL|TRANSITION_SOUNDNESS_FAIL
0,train,6,0,0,delta_zero,4,True,False,False,False,True,,,False,DELTA_MARGIN_FAIL|REGION_GATE_FAIL|TRANSITION_SOUNDNESS_FAIL
0,train,6,0,0,delta_zero,5,True,False,False,False,True,,,False,DELTA_MARGIN_FAIL|REGION_GATE_FAIL|TRANSITION_SOUNDNESS_FAIL
0,train,6,0,0,delta_zero,6,True,False,False,False,True,,,False,DELTA_MARGIN_FAIL|REGION_GATE_FAIL|TRANSITION_SOUNDNESS_FAIL
0,train,6,0,0,delta_fit_only,3,True,True,True,True,True,,,True,
0,train,6,0,0,delta_fit_only,4,True,True,True,True,True,,,True,
0,train,6,0,0,delta_fit_only,5,True,True,True,True,True,,,True,
0,train,6,0,0,delta_fit_only,6,True,True,True,True,True,,,True,
1,train,6,0,3,delta_zero,3,True,False,False,False,True,,,False,DELTA_MARGIN_FAIL|REGION_GATE_FAIL|TRANSITION_SOUNDNESS_FAIL
1,train,6,0,3,delta_zero,4,True,False,False,False,True,,,False,DELTA_MARGIN_FAIL|REGION_GATE_FAIL|TRANSITION_SOUNDNESS_FAIL
1,train,6,0,3,delta_zero,5,True,False,False,False,True,,,False,DELTA_MARGIN_FAIL|REGION_GATE_FAIL|TRANSITION_SOUNDNESS_FAIL
1,train,6,0,3,delta_zero,6,True,False,False,False,True,,,False,DELTA_MARGIN_FAIL|REGION_GATE_FAIL|TRANSITION_SOUNDNESS_FAIL
1,train,6,0,3,delta_fit_only,3,True,True,True,True,True,,,True,
1,train,6,0,3,delta_fit_only,4,True,True,True,True,True,,,True,
1,train,6,0,3,delta_fit_only,5,True,True,True,True,True,,,True,
1,train,6,0,3,delta_fit_only,6,True,True,True,True,True,,,True,
2,train,6,0,0,delta_zero,3,True,False,False,False,True,,,False,DELTA_MARGIN_FAIL|REGION_GATE_FAIL|TRANSITION_SOUNDNESS_FAIL
2,train,6,0,0,delta_zero,4,True,False,False,False,True,,,False,DELTA_MARGIN_FAIL|REGION_GATE_FAIL|TRANSITION_SOUNDNESS_FAIL
2,train,6,0,0,delta_zero,5,True,False,False,False,True,,,False,DELTA_MARGIN_FAIL|REGION_GATE_FAIL|TRANSITION_SOUNDNESS_FAIL
2,train,6,0,0,delta_zero,6,True,False,False,False,True,,,False,DELTA_MARGIN_FAIL|REGION_GATE_FAIL|TRANSITION_SOUNDNESS_FAIL
2,train,6,0,0,delta_fit_only,3,True,True,True,True,True,,,True,
2,train,6,0,0,delta_fit_only,4,True,True,True,True,True,,,True,
2,train,6,0,0,delta_fit_only,5,True,True,True,True,True,,,True,
2,train,6,0,0,delta_fit_only,6,True,True,True,True,True,,,True,
3,train,6,0,0,delta_zero,3,True,False,False,False,True,,,False,DELTA_MARGIN_FAIL|REGION_GATE_FAIL|TRANSITION_SOUNDNESS_FAIL
3,train,6,0,0,delta_zero,4,True,False,False,False,True,,,False,DELTA_MARGIN_FAIL|REGION_GATE_FAIL|TRANSITION_SOUNDNESS_FAIL
3,train,6,0,0,delta_zero,5,True,False,False,False,True,,,False,DELTA_MARGIN_FAIL|REGION_GATE_FAIL|TRANSITION_SOUNDNESS_FAIL
3,train,6,0,0,delta_zero,6,True,False,False,False,True,,,False,DELTA_MARGIN_FAIL|REGION_GATE_FAIL|TRANSITION_SOUNDNESS_FAIL
3,train,6,0,0,delta_fit_only,3,True,True,True,True,True,,,True,
3,train,6,0,0,delta_fit_only,4,True,True,True,True,True,,,True,
3,train,6,0,0,delta_fit_only,5,True,True,True,True,True,,,True,
3,train,6,0,0,delta_fit_only,6,True,True,True,True,True,,,True,
4,train,6,0,0,delta_zero,3,True,False,False,False,True,,,False,DELTA_MARGIN_FAIL|REGION_GATE_FAIL|TRANSITION_SOUNDNESS_FAIL
4,train,6,0,0,delta_zero,4,True,False,False,False,True,,,False,DELTA_MARGIN_FAIL|REGION_GATE_FAIL|TRANSITION_SOUNDNESS_FAIL
4,train,6,0,0,delta_zero,5,True,False,False,False,True,,,False,DELTA_MARGIN_FAIL|REGION_GATE_FAIL|TRANSITION_SOUNDNESS_FAIL
4,train,6,0,0,delta_zero,6,True,False,False,False,True,,,False,DELTA_MARGIN_FAIL|REGION_GATE_FAIL|TRANSITION_SOUNDNESS_FAIL
4,train,6,0,0,delta_fit_only,3,True,True,True,True,True,,,True,
4,train,6,0,0,delta_fit_only,4,True,True,True,True,True,,,True,
4,train,6,0,0,delta_fit_only,5,True,True,True,True,True,,,True,
4,train,6,0,0,delta_fit_only,6,True,True,True,True,True,,,True,
5,train,6,0,0,delta_zero,3,True,False,False,False,True,,,False,DELTA_MARGIN_FAIL|REGION_GATE_FAIL|TRANSITION_SOUNDNESS_FAIL
5,train,6,0,0,delta_zero,4,True,False,False,False,True,,,False,DELTA_MARGIN_FAIL|REGION_GATE_FAIL|TRANSITION_SOUNDNESS_FAIL
5,train,6,0,0,delta_zero,5,True,False,False,False,True,,,False,DELTA_MARGIN_FAIL|REGION_GATE_FAIL|TRANSITION_SOUNDNESS_FAIL
5,train,6,0,0,delta_zero,6,True,False,False,False,True,,,False,DELTA_MARGIN_FAIL|REGION_GATE_FAIL|TRANSITION_SOUNDNESS_FAIL
5,train,6,0,0,delta_fit_only,3,True,True,True,True,True,,,True,
5,train,6,0,0,delta_fit_only,4,True,True,True,True,True,,,True,
5,train,6,0,0,delta_fit_only,5,True,True,True,True,True,,,True,
5,train,6,0,0,delta_fit_only,6,True,True,True,True,True,,,True,
6,train,6,0,0,delta_zero,3,True,False,False,False,True,,,False,DELTA_MARGIN_FAIL|REGION_GATE_FAIL|TRANSITION_SOUNDNESS_FAIL
6,train,6,0,0,delta_zero,4,True,False,False,False,True,,,False,DELTA_MARGIN_FAIL|REGION_GATE_FAIL|TRANSITION_SOUNDNESS_FAIL
6,train,6,0,0,delta_zero,5,True,False,False,False,True,,,False,DELTA_MARGIN_FAIL|REGION_GATE_FAIL|TRANSITION_SOUNDNESS_FAIL
6,train,6,0,0,delta_zero,6,True,False,False,False,True,,,False,DELTA_MARGIN_FAIL|REGION_GATE_FAIL|TRANSITION_SOUNDNESS_FAIL
6,train,6,0,0,delta_fit_only,3,True,True,True,True,True,,,True,
6,train,6,0,0,delta_fit_only,4,True,True,True,True,True,,,True,
6,train,6,0,0,delta_fit_only,5,True,True,True,True,True,,,True,
6,train,6,0,0,delta_fit_only,6,True,True,True,True,True,,,True,
7,train,6,0,0,delta_zero,3,True,False,False,False,True,,,False,DELTA_MARGIN_FAIL|REGION_GATE_FAIL|TRANSITION_SOUNDNESS_FAIL
7,train,6,0,0,delta_zero,4,True,False,False,False,True,,,False,DELTA_MARGIN_FAIL|REGION_GATE_FAIL|TRANSITION_SOUNDNESS_FAIL
7,train,6,0,0,delta_zero,5,True,False,False,False,True,,,False,DELTA_MARGIN_FAIL|REGION_GATE_FAIL|TRANSITION_SOUNDNESS_FAIL
7,train,6,0,0,delta_zero,6,True,False,False,False,True,,,False,DELTA_MARGIN_FAIL|REGION_GATE_FAIL|TRANSITION_SOUNDNESS_FAIL
7,train,6,0,0,delta_fit_only,3,True,True,True,True,True,,,True,
7,train,6,0,0,delta_fit_only,4,True,True,True,True,True,,,True,
7,train,6,0,0,delta_fit_only,5,True,True,True,True,True,,,True,
7,train,6,0,0,delta_fit_only,6,True,True,True,True,True,,,True,
8,train,6,0,0,delta_zero,3,True,False,False,False,True,,,False,DELTA_MARGIN_FAIL|REGION_GATE_FAIL|TRANSITION_SOUNDNESS_FAIL
8,train,6,0,0,delta_zero,4,True,False,False,False,True,,,False,DELTA_MARGIN_FAIL|REGION_GATE_FAIL|TRANSITION_SOUNDNESS_FAIL
8,train,6,0,0,delta_zero,5,True,False,False,False,True,,,False,DELTA_MARGIN_FAIL|REGION_GATE_FAIL|TRANSITION_SOUNDNESS_FAIL
8,train,6,0,0,delta_zero,6,True,False,False,False,True,,,False,DELTA_MARGIN_FAIL|REGION_GATE_FAIL|TRANSITION_SOUNDNESS_FAIL
8,train,6,0,0,delta_fit_only,3,True,True,True,True,True,,,True,
8,train,6,0,0,delta_fit_only,4,True,True,True,True,True,,,True,
8,train,6,0,0,delta_fit_only,5,True,True,True,True,True,,,True,
8,train,6,0,0,delta_fit_only,6,True,True,True,True,True,,,True,
9,train,6,0,2,delta_zero,3,True,False,False,False,True,,,False,DELTA_MARGIN_FAIL|REGION_GATE_FAIL|TRANSITION_SOUNDNESS_FAIL
9,train,6,0,2,delta_zero,4,True,False,False,False,True,,,False,DELTA_MARGIN_FAIL|REGION_GATE_FAIL|TRANSITION_SOUNDNESS_FAIL
9,train,6,0,2,delta_zero,5,True,False,False,False,True,,,False,DELTA_MARGIN_FAIL|REGION_GATE_FAIL|TRANSITION_SOUNDNESS_FAIL
9,train,6,0,2,delta_zero,6,True,False,False,False,True,,,False,DELTA_MARGIN_FAIL|REGION_GATE_FAIL|TRANSITION_SOUNDNESS_FAIL
9,train,6,0,2,delta_fit_only,3,True,True,True,True,True,,,True,
9,train,6,0,2,delta_fit_only,4,True,True,True,True,True,,,True,
9,train,6,0,2,delta_fit_only,5,True,True,True,True,True,,,True,
9,train,6,0,2,delta_fit_only,6,True,True,True,True,True,,,True,
10,train,6,0,0,delta_zero,3,True,False,False,False,True,,,False,DELTA_MARGIN_FAIL|REGION_GATE_FAIL|TRANSITION_SOUNDNESS_FAIL
10,train,6,0,0,delta_zero,4,True,False,False,False,True,,,False,DELTA_MARGIN_FAIL|REGION_GATE_FAIL|TRANSITION_SOUNDNESS_FAIL
10,train,6,0,0,delta_zero,5,True,False,False,False,True,,,False,DELTA_MARGIN_FAIL|REGION_GATE_FAIL|TRANSITION_SOUNDNESS_FAIL
10,train,6,0,0,delta_zero,6,True,False,False,False,True,,,False,DELTA_MARGIN_FAIL|REGION_GATE_FAIL|TRANSITION_SOUNDNESS_FAIL
10,train,6,0,0,delta_fit_only,3,True,True,True,True,True,,,True,
10,train,6,0,0,delta_fit_only,4,True,True,True,True,True,,,True,
10,train,6,0,0,delta_fit_only,5,True,True,True,True,True,,,True,
10,train,6,0,0,delta_fit_only,6,True,True,True,True,True,,,True,
11,train,6,0,0,delta_zero,3,True,False,False,False,True,,,False,DELTA_MARGIN_FAIL|REGION_GATE_FAIL|TRANSITION_SOUNDNESS_FAIL
11,train,6,0,0,delta_zero,4,True,False,False,False,True,,,False,DELTA_MARGIN_FAIL|REGION_GATE_FAIL|TRANSITION_SOUNDNESS_FAIL
11,train,6,0,0,delta_zero,5,True,False,False,False,True,,,False,DELTA_MARGIN_FAIL|REGION_GATE_FAIL|TRANSITION_SOUNDNESS_FAIL
11,train,6,0,0,delta_zero,6,True,False,False,False,True,,,False,DELTA_MARGIN_FAIL|REGION_GATE_FAIL|TRANSITION_SOUNDNESS_FAIL
11,train,6,0,0,delta_fit_only,3,True,True,True,True,True,,,True,
11,train,6,0,0,delta_fit_only,4,True,True,True,True,True,,,True,
11,train,6,0,0,delta_fit_only,5,True,True,True,True,True,,,True,
11,train,6,0,0,delta_fit_only,6,True,True,True,True,True,,,True,
12,internal_check,6,0,0,delta_zero,3,True,False,False,False,True,,,False,DELTA_MARGIN_FAIL|REGION_GATE_FAIL|TRANSITION_SOUNDNESS_FAIL
12,internal_check,6,0,0,delta_zero,4,True,False,False,False,True,,,False,DELTA_MARGIN_FAIL|REGION_GATE_FAIL|TRANSITION_SOUNDNESS_FAIL
12,internal_check,6,0,0,delta_zero,5,True,False,False,False,True,,,False,DELTA_MARGIN_FAIL|REGION_GATE_FAIL|TRANSITION_SOUNDNESS_FAIL
12,internal_check,6,0,0,delta_zero,6,True,False,False,False,True,,,False,DELTA_MARGIN_FAIL|REGION_GATE_FAIL|TRANSITION_SOUNDNESS_FAIL
12,internal_check,6,0,0,delta_fit_only,3,True,False,False,False,True,,,False,DELTA_MARGIN_FAIL|REGION_GATE_FAIL|TRANSITION_SOUNDNESS_FAIL
12,internal_check,6,0,0,delta_fit_only,4,True,False,False,False,True,,,False,DELTA_MARGIN_FAIL|REGION_GATE_FAIL|TRANSITION_SOUNDNESS_FAIL
12,internal_check,6,0,0,delta_fit_only,5,True,False,False,False,True,,,False,DELTA_MARGIN_FAIL|REGION_GATE_FAIL|TRANSITION_SOUNDNESS_FAIL
12,internal_check,6,0,0,delta_fit_only,6,True,False,False,False,True,,,False,DELTA_MARGIN_FAIL|REGION_GATE_FAIL|TRANSITION_SOUNDNESS_FAIL
13,internal_check,6,0,0,delta_zero,3,True,False,False,False,True,,,False,DELTA_MARGIN_FAIL|REGION_GATE_FAIL|TRANSITION_SOUNDNESS_FAIL
13,internal_check,6,0,0,delta_zero,4,True,False,False,False,True,,,False,DELTA_MARGIN_FAIL|REGION_GATE_FAIL|TRANSITION_SOUNDNESS_FAIL
13,internal_check,6,0,0,delta_zero,5,True,False,False,False,True,,,False,DELTA_MARGIN_FAIL|REGION_GATE_FAIL|TRANSITION_SOUNDNESS_FAIL
13,internal_check,6,0,0,delta_zero,6,True,False,False,False,True,,,False,DELTA_MARGIN_FAIL|REGION_GATE_FAIL|TRANSITION_SOUNDNESS_FAIL
13,internal_check,6,0,0,delta_fit_only,3,True,False,False,False,True,,,False,DELTA_MARGIN_FAIL|REGION_GATE_FAIL|TRANSITION_SOUNDNESS_FAIL
13,internal_check,6,0,0,delta_fit_only,4,True,False,False,False,True,,,False,DELTA_MARGIN_FAIL|REGION_GATE_FAIL|TRANSITION_SOUNDNESS_FAIL
13,internal_check,6,0,0,delta_fit_only,5,True,False,False,False,True,,,False,DELTA_MARGIN_FAIL|REGION_GATE_FAIL|TRANSITION_SOUNDNESS_FAIL
13,internal_check,6,0,0,delta_fit_only,6,True,False,False,False,True,,,False,DELTA_MARGIN_FAIL|REGION_GATE_FAIL|TRANSITION_SOUNDNESS_FAIL
14,internal_check,6,0,0,delta_zero,3,True,False,False,False,True,,,False,DELTA_MARGIN_FAIL|REGION_GATE_FAIL|TRANSITION_SOUNDNESS_FAIL
14,internal_check,6,0,0,delta_zero,4,True,False,False,False,True,,,False,DELTA_MARGIN_FAIL|REGION_GATE_FAIL|TRANSITION_SOUNDNESS_FAIL
14,internal_check,6,0,0,delta_zero,5,True,False,False,False,True,,,False,DELTA_MARGIN_FAIL|REGION_GATE_FAIL|TRANSITION_SOUNDNESS_FAIL
14,internal_check,6,0,0,delta_zero,6,True,False,False,False,True,,,False,DELTA_MARGIN_FAIL|REGION_GATE_FAIL|TRANSITION_SOUNDNESS_FAIL
14,internal_check,6,0,0,delta_fit_only,3,True,False,False,False,True,,,False,DELTA_MARGIN_FAIL|REGION_GATE_FAIL|TRANSITION_SOUNDNESS_FAIL
14,internal_check,6,0,0,delta_fit_only,4,True,False,False,False,True,,,False,DELTA_MARGIN_FAIL|REGION_GATE_FAIL|TRANSITION_SOUNDNESS_FAIL
14,internal_check,6,0,0,delta_fit_only,5,True,False,False,False,True,,,False,DELTA_MARGIN_FAIL|REGION_GATE_FAIL|TRANSITION_SOUNDNESS_FAIL
14,internal_check,6,0,0,delta_fit_only,6,True,False,False,False,True,,,False,DELTA_MARGIN_FAIL|REGION_GATE_FAIL|TRANSITION_SOUNDNESS_FAIL
15,internal_check,6,0,1,delta_zero,3,True,False,False,False,True,,,False,DELTA_MARGIN_FAIL|REGION_GATE_FAIL|TRANSITION_SOUNDNESS_FAIL
15,internal_check,6,0,1,delta_zero,4,True,False,False,False,True,,,False,DELTA_MARGIN_FAIL|REGION_GATE_FAIL|TRANSITION_SOUNDNESS_FAIL
15,internal_check,6,0,1,delta_zero,5,True,False,False,False,True,,,False,DELTA_MARGIN_FAIL|REGION_GATE_FAIL|TRANSITION_SOUNDNESS_FAIL
15,internal_check,6,0,1,delta_zero,6,True,False,False,False,True,,,False,DELTA_MARGIN_FAIL|REGION_GATE_FAIL|TRANSITION_SOUNDNESS_FAIL
15,internal_check,6,0,1,delta_fit_only,3,True,False,False,False,True,,,False,DELTA_MARGIN_FAIL|REGION_GATE_FAIL|TRANSITION_SOUNDNESS_FAIL
15,internal_check,6,0,1,delta_fit_only,4,True,False,False,False,True,,,False,DELTA_MARGIN_FAIL|REGION_GATE_FAIL|TRANSITION_SOUNDNESS_FAIL
15,internal_check,6,0,1,delta_fit_only,5,True,False,False,False,True,,,False,DELTA_MARGIN_FAIL|REGION_GATE_FAIL|TRANSITION_SOUNDNESS_FAIL
15,internal_check,6,0,1,delta_fit_only,6,True,False,False,False,True,,,False,DELTA_MARGIN_FAIL|REGION_GATE_FAIL|TRANSITION_SOUNDNESS_FAIL
