candidate,partition,preview,M_MIN_candidate,n,count_successes,certificate_successes,failure_breakdown
A,all,delta_zero,1,16,16,0,"{""DELTA_MARGIN_FAIL"": 16, ""REGION_GATE_FAIL"": 16, ""TRANSITION_SOUNDNESS_FAIL"": 16}"
A,all,delta_zero,2,16,15,0,"{""DELTA_MARGIN_FAIL"": 16, ""REGION_GATE_FAIL"": 16, ""TRANSITION_SOUNDNESS_FAIL"": 16, ""INSUFFICIENT_EVENTS"": 1}"
A,all,delta_zero,3,16,14,0,"{""DELTA_MARGIN_FAIL"": 16, ""REGION_GATE_FAIL"": 16, ""TRANSITION_SOUNDNESS_FAIL"": 16, ""INSUFFICIENT_EVENTS"": 2}"
A,all,delta_zero,4,16,12,0,"{""DELTA_MARGIN_FAIL"": 16, ""REGION_GATE_FAIL"": 16, ""TRANSITION_SOUNDNESS_FAIL"": 16, ""INSUFFICIENT_EVENTS"": 4}"
A,all,delta_zero,5,16,9,0,"{""DELTA_MARGIN_FAIL"": 16, ""REGION_GATE_FAIL"": 16, ""TRANSITION_SOUNDNESS_FAIL"": 16, ""INSUFFICIENT_EVENTS"": 7}"
A,all,delta_zero,6,16,3,0,"{""DELTA_MARGIN_FAIL"": 16, ""REGION_GATE_FAIL"": 16, ""TRANSITION_SOUNDNESS_FAIL"": 16, ""INSUFFICIENT_EVENTS"": 13}"
A,all,delta_zero,7,16,2,0,"{""DELTA_MARGIN_FAIL"": 16, ""REGION_GATE_FAIL"": 16, ""TRANSITION_SOUNDNESS_FAIL"": 16, ""INSUFFICIENT_EVENTS"": 14}"
A,all,delta_zero,8,16,1,0,"{""DELTA_MARGIN_FAIL"": 16, ""REGION_GATE_FAIL"": 16, ""TRANSITION_SOUNDNESS_FAIL"": 16, ""INSUFFICIENT_EVENTS"": 15}"
A,all,delta_zero,9,16,0,0,"{""DELTA_MARGIN_FAIL"": 16, ""REGION_GATE_FAIL"": 16, ""TRANSITION_SOUNDNESS_FAIL"": 16, ""INSUFFICIENT_EVENTS"": 16}"
A,all,delta_fit,1,16,16,12,"{""DELTA_MARGIN_FAIL"": 4, ""REGION_GATE_FAIL"": 4, ""TRANSITION_SOUNDNESS_FAIL"": 4}"
A,all,delta_fit,2,16,15,11,"{""INSUFFICIENT_EVENTS"": 1, ""DELTA_MARGIN_FAIL"": 4, ""REGION_GATE_FAIL"": 4, ""TRANSITION_SOUNDNESS_FAIL"": 4}"
A,all,delta_fit,3,16,14,10,"{""INSUFFICIENT_EVENTS"": 2, ""DELTA_MARGIN_FAIL"": 4, ""REGION_GATE_FAIL"": 4, ""TRANSITION_SOUNDNESS_FAIL"": 4}"
A,all,delta_fit,4,16,12,8,"{""INSUFFICIENT_EVENTS"": 4, ""DELTA_MARGIN_FAIL"": 4, ""REGION_GATE_FAIL"": 4, ""TRANSITION_SOUNDNESS_FAIL"": 4}"
A,all,delta_fit,5,16,9,7,"{""INSUFFICIENT_EVENTS"": 7, ""DELTA_MARGIN_FAIL"": 4, ""REGION_GATE_FAIL"": 4, ""TRANSITION_SOUNDNESS_FAIL"": 4}"
A,all,delta_fit,6,16,3,3,"{""INSUFFICIENT_EVENTS"": 13, ""DELTA_MARGIN_FAIL"": 4, ""REGION_GATE_FAIL"": 4, ""TRANSITION_SOUNDNESS_FAIL"": 4}"
A,all,delta_fit,7,16,2,2,"{""INSUFFICIENT_EVENTS"": 14, ""DELTA_MARGIN_FAIL"": 4, ""REGION_GATE_FAIL"": 4, ""TRANSITION_SOUNDNESS_FAIL"": 4}"
A,all,delta_fit,8,16,1,1,"{""INSUFFICIENT_EVENTS"": 15, ""DELTA_MARGIN_FAIL"": 4, ""REGION_GATE_FAIL"": 4, ""TRANSITION_SOUNDNESS_FAIL"": 4}"
A,all,delta_fit,9,16,0,0,"{""INSUFFICIENT_EVENTS"": 16, ""DELTA_MARGIN_FAIL"": 4, ""REGION_GATE_FAIL"": 4, ""TRANSITION_SOUNDNESS_FAIL"": 4}"
A,all,constant_H_eta,1,16,16,16,{}
A,all,constant_H_eta,2,16,15,15,"{""INSUFFICIENT_EVENTS"": 1}"
A,all,constant_H_eta,3,16,14,14,"{""INSUFFICIENT_EVENTS"": 2}"
A,all,constant_H_eta,4,16,12,12,"{""INSUFFICIENT_EVENTS"": 4}"
A,all,constant_H_eta,5,16,9,9,"{""INSUFFICIENT_EVENTS"": 7}"
A,all,constant_H_eta,6,16,3,3,"{""INSUFFICIENT_EVENTS"": 13}"
A,all,constant_H_eta,7,16,2,2,"{""INSUFFICIENT_EVENTS"": 14}"
A,all,constant_H_eta,8,16,1,1,"{""INSUFFICIENT_EVENTS"": 15}"
A,all,constant_H_eta,9,16,0,0,"{""INSUFFICIENT_EVENTS"": 16}"
A,train,delta_zero,1,12,12,0,"{""DELTA_MARGIN_FAIL"": 12, ""REGION_GATE_FAIL"": 12, ""TRANSITION_SOUNDNESS_FAIL"": 12}"
A,train,delta_zero,2,12,11,0,"{""DELTA_MARGIN_FAIL"": 12, ""REGION_GATE_FAIL"": 12, ""TRANSITION_SOUNDNESS_FAIL"": 12, ""INSUFFICIENT_EVENTS"": 1}"
A,train,delta_zero,3,12,10,0,"{""DELTA_MARGIN_FAIL"": 12, ""REGION_GATE_FAIL"": 12, ""TRANSITION_SOUNDNESS_FAIL"": 12, ""INSUFFICIENT_EVENTS"": 2}"
A,train,delta_zero,4,12,8,0,"{""DELTA_MARGIN_FAIL"": 12, ""REGION_GATE_FAIL"": 12, ""TRANSITION_SOUNDNESS_FAIL"": 12, ""INSUFFICIENT_EVENTS"": 4}"
A,train,delta_zero,5,12,7,0,"{""DELTA_MARGIN_FAIL"": 12, ""REGION_GATE_FAIL"": 12, ""TRANSITION_SOUNDNESS_FAIL"": 12, ""INSUFFICIENT_EVENTS"": 5}"
A,train,delta_zero,6,12,3,0,"{""DELTA_MARGIN_FAIL"": 12, ""REGION_GATE_FAIL"": 12, ""TRANSITION_SOUNDNESS_FAIL"": 12, ""INSUFFICIENT_EVENTS"": 9}"
A,train,delta_zero,7,12,2,0,"{""DELTA_MARGIN_FAIL"": 12, ""REGION_GATE_FAIL"": 12, ""TRANSITION_SOUNDNESS_FAIL"": 12, ""INSUFFICIENT_EVENTS"": 10}"
A,train,delta_zero,8,12,1,0,"{""DELTA_MARGIN_FAIL"": 12, ""REGION_GATE_FAIL"": 12, ""TRANSITION_SOUNDNESS_FAIL"": 12, ""INSUFFICIENT_EVENTS"": 11}"
A,train,delta_zero,9,12,0,0,"{""DELTA_MARGIN_FAIL"": 12, ""REGION_GATE_FAIL"": 12, ""TRANSITION_SOUNDNESS_FAIL"": 12, ""INSUFFICIENT_EVENTS"": 12}"
A,train,delta_fit,1,12,12,12,{}
A,train,delta_fit,2,12,11,11,"{""INSUFFICIENT_EVENTS"": 1}"
A,train,delta_fit,3,12,10,10,"{""INSUFFICIENT_EVENTS"": 2}"
A,train,delta_fit,4,12,8,8,"{""INSUFFICIENT_EVENTS"": 4}"
A,train,delta_fit,5,12,7,7,"{""INSUFFICIENT_EVENTS"": 5}"
A,train,delta_fit,6,12,3,3,"{""INSUFFICIENT_EVENTS"": 9}"
A,train,delta_fit,7,12,2,2,"{""INSUFFICIENT_EVENTS"": 10}"
A,train,delta_fit,8,12,1,1,"{""INSUFFICIENT_EVENTS"": 11}"
A,train,delta_fit,9,12,0,0,"{""INSUFFICIENT_EVENTS"": 12}"
A,train,constant_H_eta,1,12,12,12,{}
A,train,constant_H_eta,2,12,11,11,"{""INSUFFICIENT_EVENTS"": 1}"
A,train,constant_H_eta,3,12,10,10,"{""INSUFFICIENT_EVENTS"": 2}"
A,train,constant_H_eta,4,12,8,8,"{""INSUFFICIENT_EVENTS"": 4}"
A,train,constant_H_eta,5,12,7,7,"{""INSUFFICIENT_EVENTS"": 5}"
A,train,constant_H_eta,6,12,3,3,"{""INSUFFICIENT_EVENTS"": 9}"
A,train,constant_H_eta,7,12,2,2,"{""INSUFFICIENT_EVENTS"": 10}"
A,train,constant_H_eta,8,12,1,1,"{""INSUFFICIENT_EVENTS"": 11}"
A,train,constant_H_eta,9,12,0,0,"{""INSUFFICIENT_EVENTS"": 12}"
A,internal_check,delta_zero,1,4,4,0,"{""DELTA_MARGIN_FAIL"": 4, ""REGION_GATE_FAIL"": 4, ""TRANSITION_SOUNDNESS_FAIL"": 4}"
A,internal_check,delta_zero,2,4,4,0,"{""DELTA_MARGIN_FAIL"": 4, ""REGION_GATE_FAIL"": 4, ""TRANSITION_SOUNDNESS_FAIL"": 4}"
A,internal_check,delta_zero,3,4,4,0,"{""DELTA_MARGIN_FAIL"": 4, ""REGION_GATE_FAIL"": 4, ""TRANSITION_SOUNDNESS_FAIL"": 4}"
A,internal_check,delta_zero,4,4,4,0,"{""DELTA_MARGIN_FAIL"": 4, ""REGION_GATE_FAIL"": 4, ""TRANSITION_SOUNDNESS_FAIL"": 4}"
A,internal_check,delta_zero,5,4,2,0,"{""DELTA_MARGIN_FAIL"": 4, ""REGION_GATE_FAIL"": 4, ""TRANSITION_SOUNDNESS_FAIL"": 4, ""INSUFFICIENT_EVENTS"": 2}"
A,internal_check,delta_zero,6,4,0,0,"{""DELTA_MARGIN_FAIL"": 4, ""REGION_GATE_FAIL"": 4, ""TRANSITION_SOUNDNESS_FAIL"": 4, ""INSUFFICIENT_EVENTS"": 4}"
A,internal_check,delta_zero,7,4,0,0,"{""DELTA_MARGIN_FAIL"": 4, ""REGION_GATE_FAIL"": 4, ""TRANSITION_SOUNDNESS_FAIL"": 4, ""INSUFFICIENT_EVENTS"": 4}"
A,internal_check,delta_zero,8,4,0,0,"{""DELTA_MARGIN_FAIL"": 4, ""REGION_GATE_FAIL"": 4, ""TRANSITION_SOUNDNESS_FAIL"": 4, ""INSUFFICIENT_EVENTS"": 4}"
A,internal_check,delta_zero,9,4,0,0,"{""DELTA_MARGIN_FAIL"": 4, ""REGION_GATE_FAIL"": 4, ""TRANSITION_SOUNDNESS_FAIL"": 4, ""INSUFFICIENT_EVENTS"": 4}"
A,internal_check,delta_fit,1,4,4,0,"{""DELTA_MARGIN_FAIL"": 4, ""REGION_GATE_FAIL"": 4, ""TRANSITION_SOUNDNESS_FAIL"": 4}"
A,internal_check,delta_fit,2,4,4,0,"{""DELTA_MARGIN_FAIL"": 4, ""REGION_GATE_FAIL"": 4, ""TRANSITION_SOUNDNESS_FAIL"": 4}"
A,internal_check,delta_fit,3,4,4,0,"{""DELTA_MARGIN_FAIL"": 4, ""REGION_GATE_FAIL"": 4, ""TRANSITION_SOUNDNESS_FAIL"": 4}"
A,internal_check,delta_fit,4,4,4,0,"{""DELTA_MARGIN_FAIL"": 4, ""REGION_GATE_FAIL"": 4, ""TRANSITION_SOUNDNESS_FAIL"": 4}"
A,internal_check,delta_fit,5,4,2,0,"{""DELTA_MARGIN_FAIL"": 4, ""REGION_GATE_FAIL"": 4, ""TRANSITION_SOUNDNESS_FAIL"": 4, ""INSUFFICIENT_EVENTS"": 2}"
A,internal_check,delta_fit,6,4,0,0,"{""DELTA_MARGIN_FAIL"": 4, ""REGION_GATE_FAIL"": 4, ""TRANSITION_SOUNDNESS_FAIL"": 4, ""INSUFFICIENT_EVENTS"": 4}"
A,internal_check,delta_fit,7,4,0,0,"{""DELTA_MARGIN_FAIL"": 4, ""REGION_GATE_FAIL"": 4, ""TRANSITION_SOUNDNESS_FAIL"": 4, ""INSUFFICIENT_EVENTS"": 4}"
A,internal_check,delta_fit,8,4,0,0,"{""DELTA_MARGIN_FAIL"": 4, ""REGION_GATE_FAIL"": 4, ""TRANSITION_SOUNDNESS_FAIL"": 4, ""INSUFFICIENT_EVENTS"": 4}"
A,internal_check,delta_fit,9,4,0,0,"{""DELTA_MARGIN_FAIL"": 4, ""REGION_GATE_FAIL"": 4, ""TRANSITION_SOUNDNESS_FAIL"": 4, ""INSUFFICIENT_EVENTS"": 4}"
A,internal_check,constant_H_eta,1,4,4,4,{}
A,internal_check,constant_H_eta,2,4,4,4,{}
A,internal_check,constant_H_eta,3,4,4,4,{}
A,internal_check,constant_H_eta,4,4,4,4,{}
A,internal_check,constant_H_eta,5,4,2,2,"{""INSUFFICIENT_EVENTS"": 2}"
A,internal_check,constant_H_eta,6,4,0,0,"{""INSUFFICIENT_EVENTS"": 4}"
A,internal_check,constant_H_eta,7,4,0,0,"{""INSUFFICIENT_EVENTS"": 4}"
A,internal_check,constant_H_eta,8,4,0,0,"{""INSUFFICIENT_EVENTS"": 4}"
A,internal_check,constant_H_eta,9,4,0,0,"{""INSUFFICIENT_EVENTS"": 4}"
B,all,delta_zero,1,16,16,4,"{""DELTA_MARGIN_FAIL"": 12, ""REGION_GATE_FAIL"": 12, ""TRANSITION_SOUNDNESS_FAIL"": 12}"
B,all,delta_zero,2,16,12,3,"{""DELTA_MARGIN_FAIL"": 12, ""REGION_GATE_FAIL"": 12, ""TRANSITION_SOUNDNESS_FAIL"": 12, ""INSUFFICIENT_EVENTS"": 4}"
B,all,delta_zero,3,16,5,1,"{""DELTA_MARGIN_FAIL"": 12, ""REGION_GATE_FAIL"": 12, ""TRANSITION_SOUNDNESS_FAIL"": 12, ""INSUFFICIENT_EVENTS"": 11}"
B,all,delta_zero,4,16,1,0,"{""DELTA_MARGIN_FAIL"": 12, ""REGION_GATE_FAIL"": 12, ""TRANSITION_SOUNDNESS_FAIL"": 12, ""INSUFFICIENT_EVENTS"": 15}"
B,all,delta_zero,5,16,0,0,"{""DELTA_MARGIN_FAIL"": 12, ""REGION_GATE_FAIL"": 12, ""TRANSITION_SOUNDNESS_FAIL"": 12, ""INSUFFICIENT_EVENTS"": 16}"
B,all,delta_fit,1,16,16,14,"{""DELTA_MARGIN_FAIL"": 2, ""REGION_GATE_FAIL"": 2, ""TRANSITION_SOUNDNESS_FAIL"": 2}"
B,all,delta_fit,2,16,12,10,"{""INSUFFICIENT_EVENTS"": 4, ""DELTA_MARGIN_FAIL"": 2, ""REGION_GATE_FAIL"": 2, ""TRANSITION_SOUNDNESS_FAIL"": 2}"
B,all,delta_fit,3,16,5,4,"{""INSUFFICIENT_EVENTS"": 11, ""DELTA_MARGIN_FAIL"": 2, ""REGION_GATE_FAIL"": 2, ""TRANSITION_SOUNDNESS_FAIL"": 2}"
B,all,delta_fit,4,16,1,1,"{""INSUFFICIENT_EVENTS"": 15, ""DELTA_MARGIN_FAIL"": 2, ""REGION_GATE_FAIL"": 2, ""TRANSITION_SOUNDNESS_FAIL"": 2}"
B,all,delta_fit,5,16,0,0,"{""INSUFFICIENT_EVENTS"": 16, ""DELTA_MARGIN_FAIL"": 2, ""REGION_GATE_FAIL"": 2, ""TRANSITION_SOUNDNESS_FAIL"": 2}"
B,all,constant_H_eta,1,16,16,16,{}
B,all,constant_H_eta,2,16,12,12,"{""INSUFFICIENT_EVENTS"": 4}"
B,all,constant_H_eta,3,16,5,5,"{""INSUFFICIENT_EVENTS"": 11}"
B,all,constant_H_eta,4,16,1,1,"{""INSUFFICIENT_EVENTS"": 15}"
B,all,constant_H_eta,5,16,0,0,"{""INSUFFICIENT_EVENTS"": 16}"
B,train,delta_zero,1,12,12,2,"{""DELTA_MARGIN_FAIL"": 10, ""REGION_GATE_FAIL"": 10, ""TRANSITION_SOUNDNESS_FAIL"": 10}"
B,train,delta_zero,2,12,8,1,"{""DELTA_MARGIN_FAIL"": 10, ""REGION_GATE_FAIL"": 10, ""TRANSITION_SOUNDNESS_FAIL"": 10, ""INSUFFICIENT_EVENTS"": 4}"
B,train,delta_zero,3,12,3,0,"{""DELTA_MARGIN_FAIL"": 10, ""REGION_GATE_FAIL"": 10, ""TRANSITION_SOUNDNESS_FAIL"": 10, ""INSUFFICIENT_EVENTS"": 9}"
B,train,delta_zero,4,12,1,0,"{""DELTA_MARGIN_FAIL"": 10, ""REGION_GATE_FAIL"": 10, ""TRANSITION_SOUNDNESS_FAIL"": 10, ""INSUFFICIENT_EVENTS"": 11}"
B,train,delta_zero,5,12,0,0,"{""DELTA_MARGIN_FAIL"": 10, ""REGION_GATE_FAIL"": 10, ""TRANSITION_SOUNDNESS_FAIL"": 10, ""INSUFFICIENT_EVENTS"": 12}"
B,train,delta_fit,1,12,12,12,{}
B,train,delta_fit,2,12,8,8,"{""INSUFFICIENT_EVENTS"": 4}"
B,train,delta_fit,3,12,3,3,"{""INSUFFICIENT_EVENTS"": 9}"
B,train,delta_fit,4,12,1,1,"{""INSUFFICIENT_EVENTS"": 11}"
B,train,delta_fit,5,12,0,0,"{""INSUFFICIENT_EVENTS"": 12}"
B,train,constant_H_eta,1,12,12,12,{}
B,train,constant_H_eta,2,12,8,8,"{""INSUFFICIENT_EVENTS"": 4}"
B,train,constant_H_eta,3,12,3,3,"{""INSUFFICIENT_EVENTS"": 9}"
B,train,constant_H_eta,4,12,1,1,"{""INSUFFICIENT_EVENTS"": 11}"
B,train,constant_H_eta,5,12,0,0,"{""INSUFFICIENT_EVENTS"": 12}"
B,internal_check,delta_zero,1,4,4,2,"{""DELTA_MARGIN_FAIL"": 2, ""REGION_GATE_FAIL"": 2, ""TRANSITION_SOUNDNESS_FAIL"": 2}"
B,internal_check,delta_zero,2,4,4,2,"{""DELTA_MARGIN_FAIL"": 2, ""REGION_GATE_FAIL"": 2, ""TRANSITION_SOUNDNESS_FAIL"": 2}"
B,internal_check,delta_zero,3,4,2,1,"{""DELTA_MARGIN_FAIL"": 2, ""REGION_GATE_FAIL"": 2, ""TRANSITION_SOUNDNESS_FAIL"": 2, ""INSUFFICIENT_EVENTS"": 2}"
B,internal_check,delta_zero,4,4,0,0,"{""INSUFFICIENT_EVENTS"": 4, ""DELTA_MARGIN_FAIL"": 2, ""REGION_GATE_FAIL"": 2, ""TRANSITION_SOUNDNESS_FAIL"": 2}"
B,internal_check,delta_zero,5,4,0,0,"{""INSUFFICIENT_EVENTS"": 4, ""DELTA_MARGIN_FAIL"": 2, ""REGION_GATE_FAIL"": 2, ""TRANSITION_SOUNDNESS_FAIL"": 2}"
B,internal_check,delta_fit,1,4,4,2,"{""DELTA_MARGIN_FAIL"": 2, ""REGION_GATE_FAIL"": 2, ""TRANSITION_SOUNDNESS_FAIL"": 2}"
B,internal_check,delta_fit,2,4,4,2,"{""DELTA_MARGIN_FAIL"": 2, ""REGION_GATE_FAIL"": 2, ""TRANSITION_SOUNDNESS_FAIL"": 2}"
B,internal_check,delta_fit,3,4,2,1,"{""DELTA_MARGIN_FAIL"": 2, ""REGION_GATE_FAIL"": 2, ""TRANSITION_SOUNDNESS_FAIL"": 2, ""INSUFFICIENT_EVENTS"": 2}"
B,internal_check,delta_fit,4,4,0,0,"{""INSUFFICIENT_EVENTS"": 4, ""DELTA_MARGIN_FAIL"": 2, ""REGION_GATE_FAIL"": 2, ""TRANSITION_SOUNDNESS_FAIL"": 2}"
B,internal_check,delta_fit,5,4,0,0,"{""INSUFFICIENT_EVENTS"": 4, ""DELTA_MARGIN_FAIL"": 2, ""REGION_GATE_FAIL"": 2, ""TRANSITION_SOUNDNESS_FAIL"": 2}"
B,internal_check,constant_H_eta,1,4,4,4,{}
B,internal_check,constant_H_eta,2,4,4,4,{}
B,internal_check,constant_H_eta,3,4,2,2,"{""INSUFFICIENT_EVENTS"": 2}"
B,internal_check,constant_H_eta,4,4,0,0,"{""INSUFFICIENT_EVENTS"": 4}"
B,internal_check,constant_H_eta,5,4,0,0,"{""INSUFFICIENT_EVENTS"": 4}"
C,all,delta_zero,1,16,9,2,"{""INSUFFICIENT_EVENTS"": 7, ""DELTA_MARGIN_FAIL"": 8, ""REGION_GATE_FAIL"": 8, ""TRANSITION_SOUNDNESS_FAIL"": 8}"
C,all,delta_zero,2,16,1,0,"{""INSUFFICIENT_EVENTS"": 15, ""DELTA_MARGIN_FAIL"": 8, ""REGION_GATE_FAIL"": 8, ""TRANSITION_SOUNDNESS_FAIL"": 8}"
C,all,delta_zero,3,16,0,0,"{""INSUFFICIENT_EVENTS"": 16, ""DELTA_MARGIN_FAIL"": 8, ""REGION_GATE_FAIL"": 8, ""TRANSITION_SOUNDNESS_FAIL"": 8}"
C,all,delta_zero,4,16,0,0,"{""INSUFFICIENT_EVENTS"": 16, ""DELTA_MARGIN_FAIL"": 8, ""REGION_GATE_FAIL"": 8, ""TRANSITION_SOUNDNESS_FAIL"": 8}"
C,all,delta_fit,1,16,9,9,"{""INSUFFICIENT_EVENTS"": 7, ""DELTA_MARGIN_FAIL"": 1, ""REGION_GATE_FAIL"": 1, ""TRANSITION_SOUNDNESS_FAIL"": 1}"
C,all,delta_fit,2,16,1,1,"{""INSUFFICIENT_EVENTS"": 15, ""DELTA_MARGIN_FAIL"": 1, ""REGION_GATE_FAIL"": 1, ""TRANSITION_SOUNDNESS_FAIL"": 1}"
C,all,delta_fit,3,16,0,0,"{""INSUFFICIENT_EVENTS"": 16, ""DELTA_MARGIN_FAIL"": 1, ""REGION_GATE_FAIL"": 1, ""TRANSITION_SOUNDNESS_FAIL"": 1}"
C,all,delta_fit,4,16,0,0,"{""INSUFFICIENT_EVENTS"": 16, ""DELTA_MARGIN_FAIL"": 1, ""REGION_GATE_FAIL"": 1, ""TRANSITION_SOUNDNESS_FAIL"": 1}"
C,all,constant_H_eta,1,16,9,9,"{""INSUFFICIENT_EVENTS"": 7}"
C,all,constant_H_eta,2,16,1,1,"{""INSUFFICIENT_EVENTS"": 15}"
C,all,constant_H_eta,3,16,0,0,"{""INSUFFICIENT_EVENTS"": 16}"
C,all,constant_H_eta,4,16,0,0,"{""INSUFFICIENT_EVENTS"": 16}"
C,train,delta_zero,1,12,7,0,"{""INSUFFICIENT_EVENTS"": 5, ""DELTA_MARGIN_FAIL"": 7, ""REGION_GATE_FAIL"": 7, ""TRANSITION_SOUNDNESS_FAIL"": 7}"
C,train,delta_zero,2,12,1,0,"{""INSUFFICIENT_EVENTS"": 11, ""DELTA_MARGIN_FAIL"": 7, ""REGION_GATE_FAIL"": 7, ""TRANSITION_SOUNDNESS_FAIL"": 7}"
C,train,delta_zero,3,12,0,0,"{""INSUFFICIENT_EVENTS"": 12, ""DELTA_MARGIN_FAIL"": 7, ""REGION_GATE_FAIL"": 7, ""TRANSITION_SOUNDNESS_FAIL"": 7}"
C,train,delta_zero,4,12,0,0,"{""INSUFFICIENT_EVENTS"": 12, ""DELTA_MARGIN_FAIL"": 7, ""REGION_GATE_FAIL"": 7, ""TRANSITION_SOUNDNESS_FAIL"": 7}"
C,train,delta_fit,1,12,7,7,"{""INSUFFICIENT_EVENTS"": 5}"
C,train,delta_fit,2,12,1,1,"{""INSUFFICIENT_EVENTS"": 11}"
C,train,delta_fit,3,12,0,0,"{""INSUFFICIENT_EVENTS"": 12}"
C,train,delta_fit,4,12,0,0,"{""INSUFFICIENT_EVENTS"": 12}"
C,train,constant_H_eta,1,12,7,7,"{""INSUFFICIENT_EVENTS"": 5}"
C,train,constant_H_eta,2,12,1,1,"{""INSUFFICIENT_EVENTS"": 11}"
C,train,constant_H_eta,3,12,0,0,"{""INSUFFICIENT_EVENTS"": 12}"
C,train,constant_H_eta,4,12,0,0,"{""INSUFFICIENT_EVENTS"": 12}"
C,internal_check,delta_zero,1,4,2,2,"{""INSUFFICIENT_EVENTS"": 2, ""DELTA_MARGIN_FAIL"": 1, ""REGION_GATE_FAIL"": 1, ""TRANSITION_SOUNDNESS_FAIL"": 1}"
C,internal_check,delta_zero,2,4,0,0,"{""INSUFFICIENT_EVENTS"": 4, ""DELTA_MARGIN_FAIL"": 1, ""REGION_GATE_FAIL"": 1, ""TRANSITION_SOUNDNESS_FAIL"": 1}"
C,internal_check,delta_zero,3,4,0,0,"{""INSUFFICIENT_EVENTS"": 4, ""DELTA_MARGIN_FAIL"": 1, ""REGION_GATE_FAIL"": 1, ""TRANSITION_SOUNDNESS_FAIL"": 1}"
C,internal_check,delta_zero,4,4,0,0,"{""INSUFFICIENT_EVENTS"": 4, ""DELTA_MARGIN_FAIL"": 1, ""REGION_GATE_FAIL"": 1, ""TRANSITION_SOUNDNESS_FAIL"": 1}"
C,internal_check,delta_fit,1,4,2,2,"{""INSUFFICIENT_EVENTS"": 2, ""DELTA_MARGIN_FAIL"": 1, ""REGION_GATE_FAIL"": 1, ""TRANSITION_SOUNDNESS_FAIL"": 1}"
C,internal_check,delta_fit,2,4,0,0,"{""INSUFFICIENT_EVENTS"": 4, ""DELTA_MARGIN_FAIL"": 1, ""REGION_GATE_FAIL"": 1, ""TRANSITION_SOUNDNESS_FAIL"": 1}"
C,internal_check,delta_fit,3,4,0,0,"{""INSUFFICIENT_EVENTS"": 4, ""DELTA_MARGIN_FAIL"": 1, ""REGION_GATE_FAIL"": 1, ""TRANSITION_SOUNDNESS_FAIL"": 1}"
C,internal_check,delta_fit,4,4,0,0,"{""INSUFFICIENT_EVENTS"": 4, ""DELTA_MARGIN_FAIL"": 1, ""REGION_GATE_FAIL"": 1, ""TRANSITION_SOUNDNESS_FAIL"": 1}"
C,internal_check,constant_H_eta,1,4,2,2,"{""INSUFFICIENT_EVENTS"": 2}"
C,internal_check,constant_H_eta,2,4,0,0,"{""INSUFFICIENT_EVENTS"": 4}"
C,internal_check,constant_H_eta,3,4,0,0,"{""INSUFFICIENT_EVENTS"": 4}"
C,internal_check,constant_H_eta,4,4,0,0,"{""INSUFFICIENT_EVENTS"": 4}"
D,all,delta_zero,1,16,16,2,"{""DELTA_MARGIN_FAIL"": 14, ""REGION_GATE_FAIL"": 14, ""TRANSITION_SOUNDNESS_FAIL"": 14}"
D,all,delta_zero,2,16,16,2,"{""DELTA_MARGIN_FAIL"": 14, ""REGION_GATE_FAIL"": 14, ""TRANSITION_SOUNDNESS_FAIL"": 14}"
D,all,delta_zero,3,16,9,1,"{""DELTA_MARGIN_FAIL"": 14, ""REGION_GATE_FAIL"": 14, ""TRANSITION_SOUNDNESS_FAIL"": 14, ""INSUFFICIENT_EVENTS"": 7}"
D,all,delta_zero,4,16,4,1,"{""DELTA_MARGIN_FAIL"": 14, ""REGION_GATE_FAIL"": 14, ""TRANSITION_SOUNDNESS_FAIL"": 14, ""INSUFFICIENT_EVENTS"": 12}"
D,all,delta_zero,5,16,3,1,"{""DELTA_MARGIN_FAIL"": 14, ""REGION_GATE_FAIL"": 14, ""TRANSITION_SOUNDNESS_FAIL"": 14, ""INSUFFICIENT_EVENTS"": 13}"
D,all,delta_zero,6,16,1,1,"{""DELTA_MARGIN_FAIL"": 14, ""REGION_GATE_FAIL"": 14, ""TRANSITION_SOUNDNESS_FAIL"": 14, ""INSUFFICIENT_EVENTS"": 15}"
D,all,delta_zero,7,16,0,0,"{""DELTA_MARGIN_FAIL"": 14, ""REGION_GATE_FAIL"": 14, ""TRANSITION_SOUNDNESS_FAIL"": 14, ""INSUFFICIENT_EVENTS"": 16}"
D,all,delta_fit,1,16,16,14,"{""DELTA_MARGIN_FAIL"": 2, ""REGION_GATE_FAIL"": 2, ""TRANSITION_SOUNDNESS_FAIL"": 2}"
D,all,delta_fit,2,16,16,14,"{""DELTA_MARGIN_FAIL"": 2, ""REGION_GATE_FAIL"": 2, ""TRANSITION_SOUNDNESS_FAIL"": 2}"
D,all,delta_fit,3,16,9,7,"{""INSUFFICIENT_EVENTS"": 7, ""DELTA_MARGIN_FAIL"": 2, ""REGION_GATE_FAIL"": 2, ""TRANSITION_SOUNDNESS_FAIL"": 2}"
D,all,delta_fit,4,16,4,3,"{""INSUFFICIENT_EVENTS"": 12, ""DELTA_MARGIN_FAIL"": 2, ""REGION_GATE_FAIL"": 2, ""TRANSITION_SOUNDNESS_FAIL"": 2}"
D,all,delta_fit,5,16,3,2,"{""INSUFFICIENT_EVENTS"": 13, ""DELTA_MARGIN_FAIL"": 2, ""REGION_GATE_FAIL"": 2, ""TRANSITION_SOUNDNESS_FAIL"": 2}"
D,all,delta_fit,6,16,1,1,"{""INSUFFICIENT_EVENTS"": 15, ""DELTA_MARGIN_FAIL"": 2, ""REGION_GATE_FAIL"": 2, ""TRANSITION_SOUNDNESS_FAIL"": 2}"
D,all,delta_fit,7,16,0,0,"{""INSUFFICIENT_EVENTS"": 16, ""DELTA_MARGIN_FAIL"": 2, ""REGION_GATE_FAIL"": 2, ""TRANSITION_SOUNDNESS_FAIL"": 2}"
D,all,constant_H_eta,1,16,16,16,{}
D,all,constant_H_eta,2,16,16,16,{}
D,all,constant_H_eta,3,16,9,9,"{""INSUFFICIENT_EVENTS"": 7}"
D,all,constant_H_eta,4,16,4,4,"{""INSUFFICIENT_EVENTS"": 12}"
D,all,constant_H_eta,5,16,3,3,"{""INSUFFICIENT_EVENTS"": 13}"
D,all,constant_H_eta,6,16,1,1,"{""INSUFFICIENT_EVENTS"": 15}"
D,all,constant_H_eta,7,16,0,0,"{""INSUFFICIENT_EVENTS"": 16}"
D,train,delta_zero,1,12,12,1,"{""DELTA_MARGIN_FAIL"": 11, ""REGION_GATE_FAIL"": 11, ""TRANSITION_SOUNDNESS_FAIL"": 11}"
D,train,delta_zero,2,12,12,1,"{""DELTA_MARGIN_FAIL"": 11, ""REGION_GATE_FAIL"": 11, ""TRANSITION_SOUNDNESS_FAIL"": 11}"
D,train,delta_zero,3,12,5,0,"{""DELTA_MARGIN_FAIL"": 11, ""REGION_GATE_FAIL"": 11, ""TRANSITION_SOUNDNESS_FAIL"": 11, ""INSUFFICIENT_EVENTS"": 7}"
D,train,delta_zero,4,12,2,0,"{""DELTA_MARGIN_FAIL"": 11, ""REGION_GATE_FAIL"": 11, ""TRANSITION_SOUNDNESS_FAIL"": 11, ""INSUFFICIENT_EVENTS"": 10}"
D,train,delta_zero,5,12,1,0,"{""DELTA_MARGIN_FAIL"": 11, ""REGION_GATE_FAIL"": 11, ""TRANSITION_SOUNDNESS_FAIL"": 11, ""INSUFFICIENT_EVENTS"": 11}"
D,train,delta_zero,6,12,0,0,"{""DELTA_MARGIN_FAIL"": 11, ""REGION_GATE_FAIL"": 11, ""TRANSITION_SOUNDNESS_FAIL"": 11, ""INSUFFICIENT_EVENTS"": 12}"
D,train,delta_zero,7,12,0,0,"{""DELTA_MARGIN_FAIL"": 11, ""REGION_GATE_FAIL"": 11, ""TRANSITION_SOUNDNESS_FAIL"": 11, ""INSUFFICIENT_EVENTS"": 12}"
D,train,delta_fit,1,12,12,12,{}
D,train,delta_fit,2,12,12,12,{}
D,train,delta_fit,3,12,5,5,"{""INSUFFICIENT_EVENTS"": 7}"
D,train,delta_fit,4,12,2,2,"{""INSUFFICIENT_EVENTS"": 10}"
D,train,delta_fit,5,12,1,1,"{""INSUFFICIENT_EVENTS"": 11}"
D,train,delta_fit,6,12,0,0,"{""INSUFFICIENT_EVENTS"": 12}"
D,train,delta_fit,7,12,0,0,"{""INSUFFICIENT_EVENTS"": 12}"
D,train,constant_H_eta,1,12,12,12,{}
D,train,constant_H_eta,2,12,12,12,{}
D,train,constant_H_eta,3,12,5,5,"{""INSUFFICIENT_EVENTS"": 7}"
D,train,constant_H_eta,4,12,2,2,"{""INSUFFICIENT_EVENTS"": 10}"
D,train,constant_H_eta,5,12,1,1,"{""INSUFFICIENT_EVENTS"": 11}"
D,train,constant_H_eta,6,12,0,0,"{""INSUFFICIENT_EVENTS"": 12}"
D,train,constant_H_eta,7,12,0,0,"{""INSUFFICIENT_EVENTS"": 12}"
D,internal_check,delta_zero,1,4,4,1,"{""DELTA_MARGIN_FAIL"": 3, ""REGION_GATE_FAIL"": 3, ""TRANSITION_SOUNDNESS_FAIL"": 3}"
D,internal_check,delta_zero,2,4,4,1,"{""DELTA_MARGIN_FAIL"": 3, ""REGION_GATE_FAIL"": 3, ""TRANSITION_SOUNDNESS_FAIL"": 3}"
D,internal_check,delta_zero,3,4,4,1,"{""DELTA_MARGIN_FAIL"": 3, ""REGION_GATE_FAIL"": 3, ""TRANSITION_SOUNDNESS_FAIL"": 3}"
D,internal_check,delta_zero,4,4,2,1,"{""DELTA_MARGIN_FAIL"": 3, ""REGION_GATE_FAIL"": 3, ""TRANSITION_SOUNDNESS_FAIL"": 3, ""INSUFFICIENT_EVENTS"": 2}"
D,internal_check,delta_zero,5,4,2,1,"{""DELTA_MARGIN_FAIL"": 3, ""REGION_GATE_FAIL"": 3, ""TRANSITION_SOUNDNESS_FAIL"": 3, ""INSUFFICIENT_EVENTS"": 2}"
D,internal_check,delta_zero,6,4,1,1,"{""DELTA_MARGIN_FAIL"": 3, ""REGION_GATE_FAIL"": 3, ""TRANSITION_SOUNDNESS_FAIL"": 3, ""INSUFFICIENT_EVENTS"": 3}"
D,internal_check,delta_zero,7,4,0,0,"{""INSUFFICIENT_EVENTS"": 4, ""DELTA_MARGIN_FAIL"": 3, ""REGION_GATE_FAIL"": 3, ""TRANSITION_SOUNDNESS_FAIL"": 3}"
D,internal_check,delta_fit,1,4,4,2,"{""DELTA_MARGIN_FAIL"": 2, ""REGION_GATE_FAIL"": 2, ""TRANSITION_SOUNDNESS_FAIL"": 2}"
D,internal_check,delta_fit,2,4,4,2,"{""DELTA_MARGIN_FAIL"": 2, ""REGION_GATE_FAIL"": 2, ""TRANSITION_SOUNDNESS_FAIL"": 2}"
D,internal_check,delta_fit,3,4,4,2,"{""DELTA_MARGIN_FAIL"": 2, ""REGION_GATE_FAIL"": 2, ""TRANSITION_SOUNDNESS_FAIL"": 2}"
D,internal_check,delta_fit,4,4,2,1,"{""INSUFFICIENT_EVENTS"": 2, ""DELTA_MARGIN_FAIL"": 2, ""REGION_GATE_FAIL"": 2, ""TRANSITION_SOUNDNESS_FAIL"": 2}"
D,internal_check,delta_fit,5,4,2,1,"{""INSUFFICIENT_EVENTS"": 2, ""DELTA_MARGIN_FAIL"": 2, ""REGION_GATE_FAIL"": 2, ""TRANSITION_SOUNDNESS_FAIL"": 2}"
D,internal_check,delta_fit,6,4,1,1,"{""INSUFFICIENT_EVENTS"": 3, ""DELTA_MARGIN_FAIL"": 2, ""REGION_GATE_FAIL"": 2, ""TRANSITION_SOUNDNESS_FAIL"": 2}"
D,internal_check,delta_fit,7,4,0,0,"{""INSUFFICIENT_EVENTS"": 4, ""DELTA_MARGIN_FAIL"": 2, ""REGION_GATE_FAIL"": 2, ""TRANSITION_SOUNDNESS_FAIL"": 2}"
D,internal_check,constant_H_eta,1,4,4,4,{}
D,internal_check,constant_H_eta,2,4,4,4,{}
D,internal_check,constant_H_eta,3,4,4,4,{}
D,internal_check,constant_H_eta,4,4,2,2,"{""INSUFFICIENT_EVENTS"": 2}"
D,internal_check,constant_H_eta,5,4,2,2,"{""INSUFFICIENT_EVENTS"": 2}"
D,internal_check,constant_H_eta,6,4,1,1,"{""INSUFFICIENT_EVENTS"": 3}"
D,internal_check,constant_H_eta,7,4,0,0,"{""INSUFFICIENT_EVENTS"": 4}"
