candidate,fit_index,partition,seed,reset_seed,d_low,d_high,min_clearance,mean_clearance,N_low_entries,N_low_excursions,N_returns,low_entry_timestamps,return_timestamps,event_timestamps,inter_event_intervals,pending_low_entry
A,0,train,121000001,121000000,0.4735981822013855,0.6196251213550568,0.30128031969070435,0.7806936185621344,2,3,2,"[243, 266]","[254, 276]","[254, 276]",[22],
A,1,train,121000005,121000004,0.4735981822013855,0.6196251213550568,0.05736146494746208,0.6120329619914392,6,9,5,"[1, 23, 84, 207, 236, 287]","[15, 48, 90, 229, 273]","[15, 48, 90, 229, 273]","[33, 42, 139, 44]",287
A,2,train,121000009,121000008,0.4735981822013855,0.6196251213550568,0.2304609715938568,0.8495847933811207,3,7,3,"[1, 57, 85]","[38, 74, 151]","[38, 74, 151]","[36, 77]",
A,3,train,121000015,121000014,0.4735981822013855,0.6196251213550568,0.2599932849407196,0.583188402791356,5,8,5,"[10, 35, 54, 70, 110]","[18, 46, 62, 86, 208]","[18, 46, 62, 86, 208]","[28, 16, 24, 122]",
A,4,train,121000017,121000016,0.4735981822013855,0.6196251213550568,0.2191404551267624,0.6772670608719322,5,7,5,"[0, 151, 196, 226, 255]","[23, 169, 207, 251, 296]","[23, 169, 207, 251, 296]","[146, 38, 44, 45]",
A,5,train,121000019,121000018,0.4735981822013855,0.6196251213550568,0.4536813497543335,0.7379946732441849,1,1,1,[32],[40],[40],[],
A,6,train,121000025,121000024,0.4735981822013855,0.6196251213550568,0.2607046067714691,0.5995058088603605,6,14,5,"[13, 30, 72, 122, 239, 281]","[27, 46, 102, 167, 257]","[27, 46, 102, 167, 257]","[19, 56, 65, 90]",281
A,7,train,121000029,121000028,0.4735981822013855,0.6196251213550568,0.23808428645133972,0.665471089935778,6,9,6,"[0, 18, 147, 181, 222, 244]","[7, 43, 171, 196, 230, 255]","[7, 43, 171, 196, 230, 255]","[36, 128, 25, 34, 25]",
A,8,train,121000031,121000030,0.4735981822013855,0.6196251213550568,0.3375724256038666,0.6979541596384143,3,5,3,"[170, 250, 264]","[193, 256, 286]","[193, 256, 286]","[63, 30]",
A,9,train,121000035,121000034,0.4735981822013855,0.6196251213550568,0.07359728962182999,0.49578592574774627,9,19,8,"[0, 21, 81, 96, 114, 140, 176, 245, 282]","[9, 76, 89, 112, 133, 172, 225, 267]","[9, 76, 89, 112, 133, 172, 225, 267]","[67, 13, 23, 21, 39, 53, 42]",282
A,10,train,121000039,121000038,0.4735981822013855,0.6196251213550568,0.07815560698509216,0.6786334323526617,4,12,4,"[0, 18, 60, 176]","[9, 32, 150, 197]","[9, 32, 150, 197]","[23, 118, 47]",
A,11,train,121000043,121000042,0.4735981822013855,0.6196251213550568,0.2956603467464447,0.5802496899402023,7,12,7,"[8, 38, 81, 139, 163, 203, 230]","[13, 50, 129, 156, 186, 212, 236]","[13, 50, 129, 156, 186, 212, 236]","[37, 79, 27, 30, 26, 24]",
A,12,internal_check,121000045,121000044,0.4735981822013855,0.6196251213550568,0.25321292877197266,0.8043031306361835,5,5,5,"[82, 203, 251, 275, 285]","[85, 212, 260, 279, 297]","[85, 212, 260, 279, 297]","[127, 48, 19, 18]",
A,13,internal_check,121000047,121000046,0.4735981822013855,0.6196251213550568,0.3536263108253479,0.5804829548957736,5,9,4,"[0, 89, 125, 228, 290]","[6, 114, 193, 271]","[6, 114, 193, 271]","[108, 79, 78]",290
A,14,internal_check,121000051,121000050,0.4735981822013855,0.6196251213550568,0.25975072383880615,0.7547348035728416,5,7,4,"[0, 19, 37, 57, 288]","[1, 28, 44, 103]","[1, 28, 44, 103]","[27, 16, 59]",288
A,15,internal_check,121000053,121000052,0.4735981822013855,0.6196251213550568,0.1501387506723404,0.6141723590930831,5,6,5,"[0, 17, 84, 193, 220]","[12, 29, 145, 202, 228]","[12, 29, 145, 202, 228]","[17, 116, 57, 26]",
B,0,train,121000001,121000000,0.4735981822013855,0.7910375893115997,0.30128031969070435,0.7806936185621344,1,3,1,[243],[289],[289],[],
B,1,train,121000005,121000004,0.4735981822013855,0.7910375893115997,0.05736146494746208,0.6120329619914392,3,9,2,"[1, 84, 207]","[71, 92]","[71, 92]",[21],207
B,2,train,121000009,121000008,0.4735981822013855,0.7910375893115997,0.2304609715938568,0.8495847933811207,2,7,2,"[1, 85]","[77, 157]","[77, 157]",[80],
B,3,train,121000015,121000014,0.4735981822013855,0.7910375893115997,0.2599932849407196,0.583188402791356,1,8,1,[10],[212],[212],[],
B,4,train,121000017,121000016,0.4735981822013855,0.7910375893115997,0.2191404551267624,0.6772670608719322,2,7,1,"[0, 151]",[25],[25],[],151
B,5,train,121000019,121000018,0.4735981822013855,0.7910375893115997,0.4536813497543335,0.7379946732441849,1,1,1,[32],[85],[85],[],
B,6,train,121000025,121000024,0.4735981822013855,0.7910375893115997,0.2607046067714691,0.5995058088603605,3,14,2,"[13, 239, 281]","[171, 259]","[171, 259]",[88],281
B,7,train,121000029,121000028,0.4735981822013855,0.7910375893115997,0.23808428645133972,0.665471089935778,4,9,4,"[0, 18, 147, 244]","[10, 116, 232, 259]","[10, 116, 232, 259]","[106, 116, 27]",
B,8,train,121000031,121000030,0.4735981822013855,0.7910375893115997,0.3375724256038666,0.6979541596384143,2,5,2,"[170, 250]","[196, 290]","[196, 290]",[94],
B,9,train,121000035,121000034,0.4735981822013855,0.7910375893115997,0.07359728962182999,0.49578592574774627,4,19,3,"[0, 21, 245, 282]","[11, 230, 269]","[11, 230, 269]","[219, 39]",282
B,10,train,121000039,121000038,0.4735981822013855,0.7910375893115997,0.07815560698509216,0.6786334323526617,2,12,2,"[0, 176]","[153, 199]","[153, 199]",[46],
B,11,train,121000043,121000042,0.4735981822013855,0.7910375893115997,0.2956603467464447,0.5802496899402023,3,12,3,"[8, 81, 203]","[55, 189, 286]","[55, 189, 286]","[134, 97]",
B,12,internal_check,121000045,121000044,0.4735981822013855,0.7910375893115997,0.25321292877197266,0.8043031306361835,4,5,3,"[82, 203, 251, 275]","[88, 220, 261]","[88, 220, 261]","[132, 41]",275
B,13,internal_check,121000047,121000046,0.4735981822013855,0.7910375893115997,0.3536263108253479,0.5804829548957736,3,9,2,"[0, 89, 290]","[14, 279]","[14, 279]",[265],290
B,14,internal_check,121000051,121000050,0.4735981822013855,0.7910375893115997,0.25975072383880615,0.7547348035728416,3,7,2,"[0, 57, 288]","[46, 136]","[46, 136]",[90],288
B,15,internal_check,121000053,121000052,0.4735981822013855,0.7910375893115997,0.1501387506723404,0.6141723590930831,3,6,3,"[0, 193, 220]","[174, 203, 230]","[174, 203, 230]","[29, 27]",
C,0,train,121000001,121000000,0.3829070836305618,1.0271607518196106,0.30128031969070435,0.7806936185621344,1,2,0,[244],[],[],[],244
C,1,train,121000005,121000004,0.3829070836305618,1.0271607518196106,0.05736146494746208,0.6120329619914392,2,9,1,"[1, 215]",[95],[95],[],215
C,2,train,121000009,121000008,0.3829070836305618,1.0271607518196106,0.2304609715938568,0.8495847933811207,1,7,1,[2],[164],[164],[],
C,3,train,121000015,121000014,0.3829070836305618,1.0271607518196106,0.2599932849407196,0.583188402791356,1,10,1,[11],[267],[267],[],
C,4,train,121000017,121000016,0.3829070836305618,1.0271607518196106,0.2191404551267624,0.6772670608719322,2,8,1,"[0, 153]",[61],[61],[],153
C,5,train,121000019,121000018,0.3829070836305618,1.0271607518196106,0.4536813497543335,0.7379946732441849,0,0,0,[],[],[],[],
C,6,train,121000025,121000024,0.3829070836305618,1.0271607518196106,0.2607046067714691,0.5995058088603605,2,6,1,"[14, 240]",[211],[211],[],240
C,7,train,121000029,121000028,0.3829070836305618,1.0271607518196106,0.23808428645133972,0.665471089935778,2,9,2,"[0, 152]","[121, 267]","[121, 267]",[146],
C,8,train,121000031,121000030,0.3829070836305618,1.0271607518196106,0.3375724256038666,0.6979541596384143,1,3,0,[187],[],[],[],187
C,9,train,121000035,121000034,0.3829070836305618,1.0271607518196106,0.07359728962182999,0.49578592574774627,1,15,0,[1],[],[],[],1
C,10,train,121000039,121000038,0.3829070836305618,1.0271607518196106,0.07815560698509216,0.6786334323526617,1,10,1,[0],[240],[240],[],
C,11,train,121000043,121000042,0.3829070836305618,1.0271607518196106,0.2956603467464447,0.5802496899402023,1,5,0,[41],[],[],[],41
C,12,internal_check,121000045,121000044,0.3829070836305618,1.0271607518196106,0.25321292877197266,0.8043031306361835,1,3,0,[205],[],[],[],205
C,13,internal_check,121000047,121000046,0.3829070836305618,1.0271607518196106,0.3536263108253479,0.5804829548957736,1,4,0,[0],[],[],[],0
C,14,internal_check,121000051,121000050,0.3829070836305618,1.0271607518196106,0.25975072383880615,0.7547348035728416,2,2,1,"[80, 289]",[140],[140],[],289
C,15,internal_check,121000053,121000052,0.3829070836305618,1.0271607518196106,0.1501387506723404,0.6141723590930831,1,4,1,[0],[248],[248],[],
D,0,train,121000001,121000000,0.6196251213550568,0.7910375893115997,0.30128031969070435,0.7806936185621344,2,4,2,"[40, 241]","[111, 289]","[111, 289]",[178],
D,1,train,121000005,121000004,0.6196251213550568,0.7910375893115997,0.05736146494746208,0.6120329619914392,3,11,2,"[0, 80, 170]","[71, 92]","[71, 92]",[21],170
D,2,train,121000009,121000008,0.6196251213550568,0.7910375893115997,0.2304609715938568,0.8495847933811207,2,3,2,"[1, 83]","[77, 157]","[77, 157]",[80],
D,3,train,121000015,121000014,0.6196251213550568,0.7910375893115997,0.2599932849407196,0.583188402791356,3,8,2,"[5, 240, 295]","[212, 254]","[212, 254]",[42],295
D,4,train,121000017,121000016,0.6196251213550568,0.7910375893115997,0.2191404551267624,0.6772670608719322,3,8,2,"[0, 117, 149]","[25, 132]","[25, 132]",[107],149
D,5,train,121000019,121000018,0.6196251213550568,0.7910375893115997,0.4536813497543335,0.7379946732441849,2,3,2,"[11, 107]","[85, 165]","[85, 165]",[80],
D,6,train,121000025,121000024,0.6196251213550568,0.7910375893115997,0.2607046067714691,0.5995058088603605,4,8,3,"[2, 12, 235, 278]","[9, 171, 259]","[9, 171, 259]","[162, 88]",278
D,7,train,121000029,121000028,0.6196251213550568,0.7910375893115997,0.23808428645133972,0.665471089935778,4,12,4,"[0, 16, 139, 242]","[10, 116, 232, 259]","[10, 116, 232, 259]","[106, 116, 27]",
D,8,train,121000031,121000030,0.6196251213550568,0.7910375893115997,0.3375724256038666,0.6979541596384143,5,6,5,"[4, 104, 139, 168, 244]","[20, 123, 163, 196, 290]","[20, 123, 163, 196, 290]","[103, 40, 33, 94]",
D,9,train,121000035,121000034,0.6196251213550568,0.7910375893115997,0.07359728962182999,0.49578592574774627,4,10,3,"[0, 16, 238, 276]","[11, 230, 269]","[11, 230, 269]","[219, 39]",276
D,10,train,121000039,121000038,0.6196251213550568,0.7910375893115997,0.07815560698509216,0.6786334323526617,2,4,2,"[0, 174]","[153, 199]","[153, 199]",[46],
D,11,train,121000043,121000042,0.6196251213550568,0.7910375893115997,0.2956603467464447,0.5802496899402023,3,11,3,"[5, 71, 199]","[55, 189, 286]","[55, 189, 286]","[134, 97]",
D,12,internal_check,121000045,121000044,0.6196251213550568,0.7910375893115997,0.25321292877197266,0.8043031306361835,7,10,6,"[15, 79, 135, 181, 202, 248, 272]","[30, 88, 140, 188, 220, 261]","[30, 88, 140, 188, 220, 261]","[58, 52, 48, 32, 41]",272
D,13,internal_check,121000047,121000046,0.6196251213550568,0.7910375893115997,0.3536263108253479,0.5804829548957736,4,8,3,"[0, 38, 74, 285]","[14, 49, 279]","[14, 49, 279]","[35, 230]",285
D,14,internal_check,121000051,121000050,0.6196251213550568,0.7910375893115997,0.25975072383880615,0.7547348035728416,4,7,3,"[0, 55, 180, 286]","[46, 136, 192]","[46, 136, 192]","[90, 56]",286
D,15,internal_check,121000053,121000052,0.6196251213550568,0.7910375893115997,0.1501387506723404,0.6141723590930831,6,14,5,"[0, 191, 217, 234, 267, 295]","[174, 203, 230, 245, 288]","[174, 203, 230, 245, 288]","[29, 27, 15, 43]",295
