spec,function,gain,fit_completion,internal_completion,fit_paths,internal_paths,internal_P1_bad,internal_P2_bad,internal_P2_checked,certificate_preview,status
recover,recover_linear,1.0,78,18,30,9,443,1066,1387,9,BORDERLINE
recover,recover_linear,2.0,78,18,31,9,443,978,1387,9,BORDERLINE
recover,recover_linear,4.0,78,18,33,9,443,807,1387,9,BORDERLINE
recover,recover_elu128,1.0,78,18,34,8,482,977,1387,8,BORDERLINE
recover,recover_elu128,2.0,78,18,40,8,482,877,1387,8,BORDERLINE
recover,recover_elu128,4.0,78,18,44,8,482,737,1387,8,BORDERLINE
recover,recover_signal_progress,1.0,78,18,35,9,488,955,1387,9,BORDERLINE
recover,recover_signal_progress,2.0,78,18,39,9,488,922,1387,9,BORDERLINE
recover,recover_signal_progress,4.0,78,18,40,9,488,877,1387,9,BORDERLINE
motion_burst,motion_burst_linear,1.0,80,20,80,12,27,31,148,12,BORDERLINE
motion_burst,motion_burst_linear,2.0,80,20,80,13,27,28,148,13,BORDERLINE
motion_burst,motion_burst_linear,4.0,80,20,80,13,27,28,148,13,BORDERLINE
motion_burst,motion_burst_elu128,1.0,80,20,80,17,13,17,148,17,BORDERLINE
motion_burst,motion_burst_elu128,2.0,80,20,80,18,13,15,148,18,BORDERLINE
motion_burst,motion_burst_elu128,4.0,80,20,80,18,13,14,148,18,BORDERLINE
motion_burst,motion_burst_signal_progress,1.0,80,20,80,14,19,31,148,14,BORDERLINE
motion_burst,motion_burst_signal_progress,2.0,80,20,80,15,19,29,148,15,BORDERLINE
motion_burst,motion_burst_signal_progress,4.0,80,20,80,15,19,23,148,15,BORDERLINE
slow_down,slow_down_linear,1.0,80,20,78,7,60,69,444,7,BORDERLINE
slow_down,slow_down_linear,2.0,80,20,80,7,60,66,444,7,BORDERLINE
slow_down,slow_down_linear,4.0,80,20,80,7,60,64,444,7,BORDERLINE
slow_down,slow_down_elu128,1.0,80,20,80,10,53,67,444,10,BORDERLINE
slow_down,slow_down_elu128,2.0,80,20,80,11,53,61,444,11,BORDERLINE
slow_down,slow_down_elu128,4.0,80,20,80,11,53,56,444,11,BORDERLINE
slow_down,slow_down_signal_progress,1.0,80,20,79,2,103,114,444,2,BORDERLINE
slow_down,slow_down_signal_progress,2.0,80,20,80,2,103,109,444,2,BORDERLINE
slow_down,slow_down_signal_progress,4.0,80,20,80,2,103,107,444,2,BORDERLINE
goal_approach,goal_approach_linear,1.0,43,9,3,0,1833,3718,4107,0,BORDERLINE
goal_approach,goal_approach_linear,2.0,43,9,4,2,1833,3208,4107,2,BORDERLINE
goal_approach,goal_approach_linear,4.0,43,9,5,3,1833,2620,4107,3,BORDERLINE
goal_approach,goal_approach_elu128,1.0,43,9,5,3,1801,3766,4107,3,BORDERLINE
goal_approach,goal_approach_elu128,2.0,43,9,11,4,1801,3724,4107,4,BORDERLINE
goal_approach,goal_approach_elu128,4.0,43,9,13,4,1801,3669,4107,4,BORDERLINE
goal_approach,goal_approach_signal_progress,1.0,43,9,11,2,1878,3674,4107,2,BORDERLINE
goal_approach,goal_approach_signal_progress,2.0,43,9,13,2,1878,3625,4107,2,BORDERLINE
goal_approach,goal_approach_signal_progress,4.0,43,9,14,2,1878,3536,4107,2,BORDERLINE
goal_revisit,goal_revisit_linear,1.0,22,7,0,0,2601,2698,5197,0,BORDERLINE
goal_revisit,goal_revisit_linear,2.0,22,7,0,0,2601,2644,5197,0,BORDERLINE
goal_revisit,goal_revisit_linear,4.0,22,7,0,0,2601,2621,5197,0,BORDERLINE
goal_revisit,goal_revisit_elu128,1.0,22,7,0,0,2566,2928,5197,0,BORDERLINE
goal_revisit,goal_revisit_elu128,2.0,22,7,0,0,2566,2752,5197,0,BORDERLINE
goal_revisit,goal_revisit_elu128,4.0,22,7,0,0,2566,2663,5197,0,BORDERLINE
goal_revisit,goal_revisit_signal_progress,1.0,22,7,0,0,2497,4770,5197,0,BORDERLINE
goal_revisit,goal_revisit_signal_progress,2.0,22,7,0,0,2497,4711,5197,0,BORDERLINE
goal_revisit,goal_revisit_signal_progress,4.0,22,7,1,0,2497,4589,5197,0,BORDERLINE
leave_start,leave_start_linear,1.0,80,20,33,10,296,727,1064,10,BORDERLINE
leave_start,leave_start_linear,2.0,80,20,40,10,296,657,1064,10,BORDERLINE
leave_start,leave_start_linear,4.0,80,20,52,10,296,564,1064,10,BORDERLINE
leave_start,leave_start_elu128,1.0,80,20,56,9,337,647,1064,9,BORDERLINE
leave_start,leave_start_elu128,2.0,80,20,60,9,337,533,1064,9,BORDERLINE
leave_start,leave_start_elu128,4.0,80,20,61,9,337,450,1064,9,BORDERLINE
leave_start,leave_start_signal_progress,1.0,80,20,58,7,310,673,1064,7,BORDERLINE
leave_start,leave_start_signal_progress,2.0,80,20,62,7,310,663,1064,7,BORDERLINE
leave_start,leave_start_signal_progress,4.0,80,20,63,7,310,644,1064,7,BORDERLINE
return_start,return_start_linear,1.0,56,16,0,0,1582,1635,3098,0,BORDERLINE
return_start,return_start_linear,2.0,56,16,0,0,1582,1610,3098,0,BORDERLINE
return_start,return_start_linear,4.0,56,16,0,0,1582,1596,3098,0,BORDERLINE
return_start,return_start_elu128,1.0,56,16,0,0,1560,1729,3098,0,BORDERLINE
return_start,return_start_elu128,2.0,56,16,0,0,1560,1644,3098,0,BORDERLINE
return_start,return_start_elu128,4.0,56,16,0,0,1560,1601,3098,0,BORDERLINE
return_start,return_start_signal_progress,1.0,56,16,3,0,1213,2585,3098,0,BORDERLINE
return_start,return_start_signal_progress,2.0,56,16,4,0,1213,2527,3098,0,BORDERLINE
return_start,return_start_signal_progress,4.0,56,16,5,0,1213,2366,3098,0,BORDERLINE
safe_recover,safe_recover_linear,1.0,66,12,20,5,1270,2710,3087,5,BORDERLINE
safe_recover,safe_recover_linear,2.0,66,12,25,5,1270,2356,3087,5,BORDERLINE
safe_recover,safe_recover_linear,4.0,66,12,25,5,1270,1917,3087,5,BORDERLINE
safe_recover,safe_recover_elu128,1.0,66,12,28,5,1290,2722,3087,5,BORDERLINE
safe_recover,safe_recover_elu128,2.0,66,12,28,5,1290,2678,3087,5,BORDERLINE
safe_recover,safe_recover_elu128,4.0,66,12,28,5,1290,2591,3087,5,BORDERLINE
safe_recover,safe_recover_signal_progress,1.0,66,12,28,4,1296,2673,3087,4,BORDERLINE
safe_recover,safe_recover_signal_progress,2.0,66,12,30,4,1296,2625,3087,4,BORDERLINE
safe_recover,safe_recover_signal_progress,4.0,66,12,30,4,1296,2571,3087,4,BORDERLINE
