fit_index,partition,event_count,event_times,minimum_required_scale,nonbudget_gates_pass
0,train,6,"[48, 96, 144, 192, 240, 288]","{'g_only': 0.8584732455814643, 'whole_budget': 0.8931532429738537}",True
1,train,6,"[51, 99, 147, 195, 243, 291]","{'g_only': 0.9207308075877146, 'whole_budget': 0.941200008342989}",True
2,train,6,"[48, 96, 144, 192, 240, 288]","{'g_only': 0.8327921315620878, 'whole_budget': 0.8728328946142613}",True
3,train,6,"[48, 96, 144, 192, 240, 288]","{'g_only': 0.9582441588400957, 'whole_budget': 0.9693489891871655}",True
4,train,6,"[48, 96, 144, 192, 240, 288]","{'g_only': 1.0, 'whole_budget': 1.0}",True
5,train,6,"[48, 96, 144, 192, 240, 288]","{'g_only': 0.8529210172716427, 'whole_budget': 0.8887852879789673}",True
6,train,6,"[48, 96, 144, 192, 240, 288]","{'g_only': 0.835614152393852, 'whole_budget': 0.8750805023143604}",True
7,train,6,"[48, 96, 144, 192, 240, 288]","{'g_only': 0.9245069797729287, 'whole_budget': 0.9440603253740021}",True
8,train,6,"[48, 96, 144, 192, 240, 288]","{'g_only': 0.944332043015201, 'whole_budget': 0.9589783665193907}",True
9,train,6,"[50, 98, 146, 194, 242, 290]","{'g_only': 0.8724462857532311, 'whole_budget': 0.9040848547912557}",True
10,train,6,"[48, 96, 144, 192, 240, 288]","{'g_only': 0.796832255873983, 'whole_budget': 0.8438698107776963}",True
11,train,6,"[48, 96, 144, 192, 240, 288]","{'g_only': 0.7911441083719847, 'whole_budget': 0.8392328878880599}",True
12,internal_check,6,"[48, 96, 144, 192, 240, 288]","{'g_only': 1.1023262732082868, 'whole_budget': 1.07222481459891}",True
13,internal_check,6,"[48, 96, 144, 192, 240, 288]","{'g_only': 2.0125883701795697, 'whole_budget': 1.5750297643653626}",True
14,internal_check,6,"[48, 96, 144, 192, 240, 288]","{'g_only': 1.7862404340048736, 'whole_budget': 1.4692983586383082}",True
15,internal_check,6,"[49, 97, 145, 193, 241, 289]","{'g_only': 1.4457445941280374, 'whole_budget': 1.288206334080133}",True
