fit_index,partition,scale,arm,fit_preview_C_rec,failure_reasons,first_failure_time,minimum_budget_margin,minimum_drift_slack,n_unsound_transitions,gates
0,train,0.5,g_only,False,"['DELTA_MARGIN_FAIL', 'REGION_GATE_FAIL', 'TRANSITION_SOUNDNESS_FAIL']",36,-0.14544366300106065,-5.204170427930421e-18,65,"{'drift_pass': True, 'delta_margin_pass': False, 'region_gate_pass': False, 'transition_soundness_pass': False, 'event_source_pass': True, 'count_pass': True, 'CV_pass': None, 'sliding_pass': None}"
0,train,0.75,g_only,False,"['DELTA_MARGIN_FAIL', 'REGION_GATE_FAIL', 'TRANSITION_SOUNDNESS_FAIL']",48,-0.04401094466447858,-5.204170427930421e-18,9,"{'drift_pass': True, 'delta_margin_pass': False, 'region_gate_pass': False, 'transition_soundness_pass': False, 'event_source_pass': True, 'count_pass': True, 'CV_pass': None, 'sliding_pass': None}"
0,train,1.0,g_only,True,[],,0.05742177367210353,-5.204170427930421e-18,0,"{'drift_pass': True, 'delta_margin_pass': True, 'region_gate_pass': True, 'transition_soundness_pass': True, 'event_source_pass': True, 'count_pass': True, 'CV_pass': None, 'sliding_pass': None}"
0,train,1.25,g_only,True,[],,0.15885449200868562,8.673617379884035e-18,0,"{'drift_pass': True, 'delta_margin_pass': True, 'region_gate_pass': True, 'transition_soundness_pass': True, 'event_source_pass': True, 'count_pass': True, 'CV_pass': None, 'sliding_pass': None}"
0,train,1.5,g_only,True,[],,0.2602872103452678,8.673617379884035e-18,0,"{'drift_pass': True, 'delta_margin_pass': True, 'region_gate_pass': True, 'transition_soundness_pass': True, 'event_source_pass': True, 'count_pass': True, 'CV_pass': None, 'sliding_pass': None}"
0,train,2.0,g_only,True,[],,0.4631526470184322,8.673617379884035e-18,0,"{'drift_pass': True, 'delta_margin_pass': True, 'region_gate_pass': True, 'transition_soundness_pass': True, 'event_source_pass': True, 'count_pass': True, 'CV_pass': None, 'sliding_pass': None}"
0,train,0.5,whole_budget,False,"['DELTA_MARGIN_FAIL', 'REGION_GATE_FAIL', 'TRANSITION_SOUNDNESS_FAIL']",30,-0.21128911316394822,-5.204170427930421e-18,104,"{'drift_pass': True, 'delta_margin_pass': False, 'region_gate_pass': False, 'transition_soundness_pass': False, 'event_source_pass': True, 'count_pass': True, 'CV_pass': None, 'sliding_pass': None}"
0,train,0.75,whole_budget,False,"['DELTA_MARGIN_FAIL', 'REGION_GATE_FAIL', 'TRANSITION_SOUNDNESS_FAIL']",44,-0.07693366974592232,-5.204170427930421e-18,26,"{'drift_pass': True, 'delta_margin_pass': False, 'region_gate_pass': False, 'transition_soundness_pass': False, 'event_source_pass': True, 'count_pass': True, 'CV_pass': None, 'sliding_pass': None}"
0,train,1.0,whole_budget,True,[],,0.05742177367210353,-5.204170427930421e-18,0,"{'drift_pass': True, 'delta_margin_pass': True, 'region_gate_pass': True, 'transition_soundness_pass': True, 'event_source_pass': True, 'count_pass': True, 'CV_pass': None, 'sliding_pass': None}"
0,train,1.25,whole_budget,True,[],,0.1917772170901294,8.673617379884035e-18,0,"{'drift_pass': True, 'delta_margin_pass': True, 'region_gate_pass': True, 'transition_soundness_pass': True, 'event_source_pass': True, 'count_pass': True, 'CV_pass': None, 'sliding_pass': None}"
0,train,1.5,whole_budget,True,[],,0.32613266050815537,8.673617379884035e-18,0,"{'drift_pass': True, 'delta_margin_pass': True, 'region_gate_pass': True, 'transition_soundness_pass': True, 'event_source_pass': True, 'count_pass': True, 'CV_pass': None, 'sliding_pass': None}"
0,train,2.0,whole_budget,True,[],,0.5948435473442073,8.673617379884035e-18,0,"{'drift_pass': True, 'delta_margin_pass': True, 'region_gate_pass': True, 'transition_soundness_pass': True, 'event_source_pass': True, 'count_pass': True, 'CV_pass': None, 'sliding_pass': None}"
1,train,0.5,g_only,False,"['DELTA_MARGIN_FAIL', 'REGION_GATE_FAIL', 'TRANSITION_SOUNDNESS_FAIL']",41,-0.1591609269380571,-5.204170427930421e-18,82,"{'drift_pass': True, 'delta_margin_pass': False, 'region_gate_pass': False, 'transition_soundness_pass': False, 'event_source_pass': True, 'count_pass': True, 'CV_pass': None, 'sliding_pass': None}"
1,train,0.75,g_only,False,"['DELTA_MARGIN_FAIL', 'REGION_GATE_FAIL', 'TRANSITION_SOUNDNESS_FAIL']",96,-0.06458684056997326,-5.204170427930421e-18,19,"{'drift_pass': True, 'delta_margin_pass': False, 'region_gate_pass': False, 'transition_soundness_pass': False, 'event_source_pass': True, 'count_pass': True, 'CV_pass': None, 'sliding_pass': None}"
1,train,1.0,g_only,True,[],,0.02998724579811063,-5.204170427930421e-18,0,"{'drift_pass': True, 'delta_margin_pass': True, 'region_gate_pass': True, 'transition_soundness_pass': True, 'event_source_pass': True, 'count_pass': True, 'CV_pass': None, 'sliding_pass': None}"
1,train,1.25,g_only,True,[],,0.12456133216619449,-5.204170427930421e-18,0,"{'drift_pass': True, 'delta_margin_pass': True, 'region_gate_pass': True, 'transition_soundness_pass': True, 'event_source_pass': True, 'count_pass': True, 'CV_pass': None, 'sliding_pass': None}"
1,train,1.5,g_only,True,[],,0.21913541853427843,8.673617379884035e-18,0,"{'drift_pass': True, 'delta_margin_pass': True, 'region_gate_pass': True, 'transition_soundness_pass': True, 'event_source_pass': True, 'count_pass': True, 'CV_pass': None, 'sliding_pass': None}"
1,train,2.0,g_only,True,[],,0.40828359127044633,8.673617379884035e-18,0,"{'drift_pass': True, 'delta_margin_pass': True, 'region_gate_pass': True, 'transition_soundness_pass': True, 'event_source_pass': True, 'count_pass': True, 'CV_pass': None, 'sliding_pass': None}"
1,train,0.5,whole_budget,False,"['DELTA_MARGIN_FAIL', 'REGION_GATE_FAIL', 'TRANSITION_SOUNDNESS_FAIL']",34,-0.22500637710094468,-5.204170427930421e-18,123,"{'drift_pass': True, 'delta_margin_pass': False, 'region_gate_pass': False, 'transition_soundness_pass': False, 'event_source_pass': True, 'count_pass': True, 'CV_pass': None, 'sliding_pass': None}"
1,train,0.75,whole_budget,False,"['DELTA_MARGIN_FAIL', 'REGION_GATE_FAIL', 'TRANSITION_SOUNDNESS_FAIL']",51,-0.09750956565141698,-5.204170427930421e-18,36,"{'drift_pass': True, 'delta_margin_pass': False, 'region_gate_pass': False, 'transition_soundness_pass': False, 'event_source_pass': True, 'count_pass': True, 'CV_pass': None, 'sliding_pass': None}"
1,train,1.0,whole_budget,True,[],,0.02998724579811063,-5.204170427930421e-18,0,"{'drift_pass': True, 'delta_margin_pass': True, 'region_gate_pass': True, 'transition_soundness_pass': True, 'event_source_pass': True, 'count_pass': True, 'CV_pass': None, 'sliding_pass': None}"
1,train,1.25,whole_budget,True,[],,0.15748405724763825,8.673617379884035e-18,0,"{'drift_pass': True, 'delta_margin_pass': True, 'region_gate_pass': True, 'transition_soundness_pass': True, 'event_source_pass': True, 'count_pass': True, 'CV_pass': None, 'sliding_pass': None}"
1,train,1.5,whole_budget,True,[],,0.284980868697166,8.673617379884035e-18,0,"{'drift_pass': True, 'delta_margin_pass': True, 'region_gate_pass': True, 'transition_soundness_pass': True, 'event_source_pass': True, 'count_pass': True, 'CV_pass': None, 'sliding_pass': None}"
1,train,2.0,whole_budget,True,[],,0.5399744915962215,8.673617379884035e-18,0,"{'drift_pass': True, 'delta_margin_pass': True, 'region_gate_pass': True, 'transition_soundness_pass': True, 'event_source_pass': True, 'count_pass': True, 'CV_pass': None, 'sliding_pass': None}"
2,train,0.5,g_only,False,"['DELTA_MARGIN_FAIL', 'REGION_GATE_FAIL', 'TRANSITION_SOUNDNESS_FAIL']",38,-0.13918782770633714,-5.204170427930421e-18,72,"{'drift_pass': True, 'delta_margin_pass': False, 'region_gate_pass': False, 'transition_soundness_pass': False, 'event_source_pass': True, 'count_pass': True, 'CV_pass': None, 'sliding_pass': None}"
2,train,0.75,g_only,False,"['DELTA_MARGIN_FAIL', 'REGION_GATE_FAIL', 'TRANSITION_SOUNDNESS_FAIL']",93,-0.03462719172239332,-5.204170427930421e-18,6,"{'drift_pass': True, 'delta_margin_pass': False, 'region_gate_pass': False, 'transition_soundness_pass': False, 'event_source_pass': True, 'count_pass': True, 'CV_pass': None, 'sliding_pass': None}"
2,train,1.0,g_only,True,[],,0.06993344426155054,-5.204170427930421e-18,0,"{'drift_pass': True, 'delta_margin_pass': True, 'region_gate_pass': True, 'transition_soundness_pass': True, 'event_source_pass': True, 'count_pass': True, 'CV_pass': None, 'sliding_pass': None}"
2,train,1.25,g_only,True,[],,0.1744940802454944,8.673617379884035e-18,0,"{'drift_pass': True, 'delta_margin_pass': True, 'region_gate_pass': True, 'transition_soundness_pass': True, 'event_source_pass': True, 'count_pass': True, 'CV_pass': None, 'sliding_pass': None}"
2,train,1.5,g_only,True,[],,0.27905471622943834,8.673617379884035e-18,0,"{'drift_pass': True, 'delta_margin_pass': True, 'region_gate_pass': True, 'transition_soundness_pass': True, 'event_source_pass': True, 'count_pass': True, 'CV_pass': None, 'sliding_pass': None}"
2,train,2.0,g_only,True,[],,0.4881759881973262,8.673617379884035e-18,0,"{'drift_pass': True, 'delta_margin_pass': True, 'region_gate_pass': True, 'transition_soundness_pass': True, 'event_source_pass': True, 'count_pass': True, 'CV_pass': None, 'sliding_pass': None}"
2,train,0.5,whole_budget,False,"['DELTA_MARGIN_FAIL', 'REGION_GATE_FAIL', 'TRANSITION_SOUNDNESS_FAIL']",32,-0.2050332778692247,-5.204170427930421e-18,111,"{'drift_pass': True, 'delta_margin_pass': False, 'region_gate_pass': False, 'transition_soundness_pass': False, 'event_source_pass': True, 'count_pass': True, 'CV_pass': None, 'sliding_pass': None}"
2,train,0.75,whole_budget,False,"['DELTA_MARGIN_FAIL', 'REGION_GATE_FAIL', 'TRANSITION_SOUNDNESS_FAIL']",48,-0.06754991680383707,-5.204170427930421e-18,21,"{'drift_pass': True, 'delta_margin_pass': False, 'region_gate_pass': False, 'transition_soundness_pass': False, 'event_source_pass': True, 'count_pass': True, 'CV_pass': None, 'sliding_pass': None}"
2,train,1.0,whole_budget,True,[],,0.06993344426155054,-5.204170427930421e-18,0,"{'drift_pass': True, 'delta_margin_pass': True, 'region_gate_pass': True, 'transition_soundness_pass': True, 'event_source_pass': True, 'count_pass': True, 'CV_pass': None, 'sliding_pass': None}"
2,train,1.25,whole_budget,True,[],,0.20741680532693818,8.673617379884035e-18,0,"{'drift_pass': True, 'delta_margin_pass': True, 'region_gate_pass': True, 'transition_soundness_pass': True, 'event_source_pass': True, 'count_pass': True, 'CV_pass': None, 'sliding_pass': None}"
2,train,1.5,whole_budget,True,[],,0.3449001663923259,8.673617379884035e-18,0,"{'drift_pass': True, 'delta_margin_pass': True, 'region_gate_pass': True, 'transition_soundness_pass': True, 'event_source_pass': True, 'count_pass': True, 'CV_pass': None, 'sliding_pass': None}"
2,train,2.0,whole_budget,True,[],,0.6198668885231013,8.673617379884035e-18,0,"{'drift_pass': True, 'delta_margin_pass': True, 'region_gate_pass': True, 'transition_soundness_pass': True, 'event_source_pass': True, 'count_pass': True, 'CV_pass': None, 'sliding_pass': None}"
3,train,0.5,g_only,False,"['DELTA_MARGIN_FAIL', 'REGION_GATE_FAIL', 'TRANSITION_SOUNDNESS_FAIL']",36,-0.16656570136547105,-5.204170427930421e-18,76,"{'drift_pass': True, 'delta_margin_pass': False, 'region_gate_pass': False, 'transition_soundness_pass': False, 'event_source_pass': True, 'count_pass': True, 'CV_pass': None, 'sliding_pass': None}"
3,train,0.75,g_only,False,"['DELTA_MARGIN_FAIL', 'REGION_GATE_FAIL', 'TRANSITION_SOUNDNESS_FAIL']",47,-0.07569400221109414,-5.204170427930421e-18,13,"{'drift_pass': True, 'delta_margin_pass': False, 'region_gate_pass': False, 'transition_soundness_pass': False, 'event_source_pass': True, 'count_pass': True, 'CV_pass': None, 'sliding_pass': None}"
3,train,1.0,g_only,True,[],,0.015177696943282757,-5.204170427930421e-18,0,"{'drift_pass': True, 'delta_margin_pass': True, 'region_gate_pass': True, 'transition_soundness_pass': True, 'event_source_pass': True, 'count_pass': True, 'CV_pass': None, 'sliding_pass': None}"
3,train,1.25,g_only,True,[],,0.10604939609765965,-5.204170427930421e-18,0,"{'drift_pass': True, 'delta_margin_pass': True, 'region_gate_pass': True, 'transition_soundness_pass': True, 'event_source_pass': True, 'count_pass': True, 'CV_pass': None, 'sliding_pass': None}"
3,train,1.5,g_only,True,[],,0.1969210952520366,8.673617379884035e-18,0,"{'drift_pass': True, 'delta_margin_pass': True, 'region_gate_pass': True, 'transition_soundness_pass': True, 'event_source_pass': True, 'count_pass': True, 'CV_pass': None, 'sliding_pass': None}"
3,train,2.0,g_only,True,[],,0.37866449356079057,8.673617379884035e-18,0,"{'drift_pass': True, 'delta_margin_pass': True, 'region_gate_pass': True, 'transition_soundness_pass': True, 'event_source_pass': True, 'count_pass': True, 'CV_pass': None, 'sliding_pass': None}"
3,train,0.5,whole_budget,False,"['DELTA_MARGIN_FAIL', 'REGION_GATE_FAIL', 'TRANSITION_SOUNDNESS_FAIL']",29,-0.23241115152835862,-5.204170427930421e-18,117,"{'drift_pass': True, 'delta_margin_pass': False, 'region_gate_pass': False, 'transition_soundness_pass': False, 'event_source_pass': True, 'count_pass': True, 'CV_pass': None, 'sliding_pass': None}"
3,train,0.75,whole_budget,False,"['DELTA_MARGIN_FAIL', 'REGION_GATE_FAIL', 'TRANSITION_SOUNDNESS_FAIL']",44,-0.10861672729253788,-5.204170427930421e-18,28,"{'drift_pass': True, 'delta_margin_pass': False, 'region_gate_pass': False, 'transition_soundness_pass': False, 'event_source_pass': True, 'count_pass': True, 'CV_pass': None, 'sliding_pass': None}"
3,train,1.0,whole_budget,True,[],,0.015177696943282757,-5.204170427930421e-18,0,"{'drift_pass': True, 'delta_margin_pass': True, 'region_gate_pass': True, 'transition_soundness_pass': True, 'event_source_pass': True, 'count_pass': True, 'CV_pass': None, 'sliding_pass': None}"
3,train,1.25,whole_budget,True,[],,0.1389721211791034,8.673617379884035e-18,0,"{'drift_pass': True, 'delta_margin_pass': True, 'region_gate_pass': True, 'transition_soundness_pass': True, 'event_source_pass': True, 'count_pass': True, 'CV_pass': None, 'sliding_pass': None}"
3,train,1.5,whole_budget,True,[],,0.26276654541492417,8.673617379884035e-18,0,"{'drift_pass': True, 'delta_margin_pass': True, 'region_gate_pass': True, 'transition_soundness_pass': True, 'event_source_pass': True, 'count_pass': True, 'CV_pass': None, 'sliding_pass': None}"
3,train,2.0,whole_budget,True,[],,0.5103553938865657,8.673617379884035e-18,0,"{'drift_pass': True, 'delta_margin_pass': True, 'region_gate_pass': True, 'transition_soundness_pass': True, 'event_source_pass': True, 'count_pass': True, 'CV_pass': None, 'sliding_pass': None}"
4,train,0.5,g_only,False,"['DELTA_MARGIN_FAIL', 'REGION_GATE_FAIL', 'TRANSITION_SOUNDNESS_FAIL']",37,-0.1741545498371126,-5.204170427930421e-18,82,"{'drift_pass': True, 'delta_margin_pass': False, 'region_gate_pass': False, 'transition_soundness_pass': False, 'event_source_pass': True, 'count_pass': True, 'CV_pass': None, 'sliding_pass': None}"
4,train,0.75,g_only,False,"['DELTA_MARGIN_FAIL', 'REGION_GATE_FAIL', 'TRANSITION_SOUNDNESS_FAIL']",48,-0.08707727491855644,-5.204170427930421e-18,18,"{'drift_pass': True, 'delta_margin_pass': False, 'region_gate_pass': False, 'transition_soundness_pass': False, 'event_source_pass': True, 'count_pass': True, 'CV_pass': None, 'sliding_pass': None}"
4,train,1.0,g_only,True,[],,-3.0878077872387166e-16,-5.204170427930421e-18,0,"{'drift_pass': True, 'delta_margin_pass': True, 'region_gate_pass': True, 'transition_soundness_pass': True, 'event_source_pass': True, 'count_pass': True, 'CV_pass': None, 'sliding_pass': None}"
4,train,1.25,g_only,True,[],,0.08707727491855582,-5.204170427930421e-18,0,"{'drift_pass': True, 'delta_margin_pass': True, 'region_gate_pass': True, 'transition_soundness_pass': True, 'event_source_pass': True, 'count_pass': True, 'CV_pass': None, 'sliding_pass': None}"
4,train,1.5,g_only,True,[],,0.17415454983711198,8.673617379884035e-18,0,"{'drift_pass': True, 'delta_margin_pass': True, 'region_gate_pass': True, 'transition_soundness_pass': True, 'event_source_pass': True, 'count_pass': True, 'CV_pass': None, 'sliding_pass': None}"
4,train,2.0,g_only,True,[],,0.3483090996742244,8.673617379884035e-18,0,"{'drift_pass': True, 'delta_margin_pass': True, 'region_gate_pass': True, 'transition_soundness_pass': True, 'event_source_pass': True, 'count_pass': True, 'CV_pass': None, 'sliding_pass': None}"
4,train,0.5,whole_budget,False,"['DELTA_MARGIN_FAIL', 'REGION_GATE_FAIL', 'TRANSITION_SOUNDNESS_FAIL']",30,-0.24000000000000016,-5.204170427930421e-18,120,"{'drift_pass': True, 'delta_margin_pass': False, 'region_gate_pass': False, 'transition_soundness_pass': False, 'event_source_pass': True, 'count_pass': True, 'CV_pass': None, 'sliding_pass': None}"
4,train,0.75,whole_budget,False,"['DELTA_MARGIN_FAIL', 'REGION_GATE_FAIL', 'TRANSITION_SOUNDNESS_FAIL']",45,-0.12000000000000018,-5.204170427930421e-18,35,"{'drift_pass': True, 'delta_margin_pass': False, 'region_gate_pass': False, 'transition_soundness_pass': False, 'event_source_pass': True, 'count_pass': True, 'CV_pass': None, 'sliding_pass': None}"
4,train,1.0,whole_budget,True,[],,-3.0878077872387166e-16,-5.204170427930421e-18,0,"{'drift_pass': True, 'delta_margin_pass': True, 'region_gate_pass': True, 'transition_soundness_pass': True, 'event_source_pass': True, 'count_pass': True, 'CV_pass': None, 'sliding_pass': None}"
4,train,1.25,whole_budget,True,[],,0.11999999999999957,-5.204170427930421e-18,0,"{'drift_pass': True, 'delta_margin_pass': True, 'region_gate_pass': True, 'transition_soundness_pass': True, 'event_source_pass': True, 'count_pass': True, 'CV_pass': None, 'sliding_pass': None}"
4,train,1.5,whole_budget,True,[],,0.23999999999999955,8.673617379884035e-18,0,"{'drift_pass': True, 'delta_margin_pass': True, 'region_gate_pass': True, 'transition_soundness_pass': True, 'event_source_pass': True, 'count_pass': True, 'CV_pass': None, 'sliding_pass': None}"
4,train,2.0,whole_budget,True,[],,0.47999999999999954,8.673617379884035e-18,0,"{'drift_pass': True, 'delta_margin_pass': True, 'region_gate_pass': True, 'transition_soundness_pass': True, 'event_source_pass': True, 'count_pass': True, 'CV_pass': None, 'sliding_pass': None}"
5,train,0.5,g_only,False,"['DELTA_MARGIN_FAIL', 'REGION_GATE_FAIL', 'TRANSITION_SOUNDNESS_FAIL']",37,-0.1441230773925783,-5.204170427930421e-18,78,"{'drift_pass': True, 'delta_margin_pass': False, 'region_gate_pass': False, 'transition_soundness_pass': False, 'event_source_pass': True, 'count_pass': True, 'CV_pass': None, 'sliding_pass': None}"
5,train,0.75,g_only,False,"['DELTA_MARGIN_FAIL', 'REGION_GATE_FAIL', 'TRANSITION_SOUNDNESS_FAIL']",94,-0.04203006625175504,-5.204170427930421e-18,11,"{'drift_pass': True, 'delta_margin_pass': False, 'region_gate_pass': False, 'transition_soundness_pass': False, 'event_source_pass': True, 'count_pass': True, 'CV_pass': None, 'sliding_pass': None}"
5,train,1.0,g_only,True,[],,0.06006294488906825,-5.204170427930421e-18,0,"{'drift_pass': True, 'delta_margin_pass': True, 'region_gate_pass': True, 'transition_soundness_pass': True, 'event_source_pass': True, 'count_pass': True, 'CV_pass': None, 'sliding_pass': None}"
5,train,1.25,g_only,True,[],,0.16215595602989152,8.673617379884035e-18,0,"{'drift_pass': True, 'delta_margin_pass': True, 'region_gate_pass': True, 'transition_soundness_pass': True, 'event_source_pass': True, 'count_pass': True, 'CV_pass': None, 'sliding_pass': None}"
5,train,1.5,g_only,True,[],,0.2642489671707149,8.673617379884035e-18,0,"{'drift_pass': True, 'delta_margin_pass': True, 'region_gate_pass': True, 'transition_soundness_pass': True, 'event_source_pass': True, 'count_pass': True, 'CV_pass': None, 'sliding_pass': None}"
5,train,2.0,g_only,True,[],,0.4684349894523616,8.673617379884035e-18,0,"{'drift_pass': True, 'delta_margin_pass': True, 'region_gate_pass': True, 'transition_soundness_pass': True, 'event_source_pass': True, 'count_pass': True, 'CV_pass': None, 'sliding_pass': None}"
5,train,0.5,whole_budget,False,"['DELTA_MARGIN_FAIL', 'REGION_GATE_FAIL', 'TRANSITION_SOUNDNESS_FAIL']",31,-0.20996852755546586,-5.204170427930421e-18,115,"{'drift_pass': True, 'delta_margin_pass': False, 'region_gate_pass': False, 'transition_soundness_pass': False, 'event_source_pass': True, 'count_pass': True, 'CV_pass': None, 'sliding_pass': None}"
5,train,0.75,whole_budget,False,"['DELTA_MARGIN_FAIL', 'REGION_GATE_FAIL', 'TRANSITION_SOUNDNESS_FAIL']",46,-0.07495279133319879,-5.204170427930421e-18,29,"{'drift_pass': True, 'delta_margin_pass': False, 'region_gate_pass': False, 'transition_soundness_pass': False, 'event_source_pass': True, 'count_pass': True, 'CV_pass': None, 'sliding_pass': None}"
5,train,1.0,whole_budget,True,[],,0.06006294488906825,-5.204170427930421e-18,0,"{'drift_pass': True, 'delta_margin_pass': True, 'region_gate_pass': True, 'transition_soundness_pass': True, 'event_source_pass': True, 'count_pass': True, 'CV_pass': None, 'sliding_pass': None}"
5,train,1.25,whole_budget,True,[],,0.1950786811113353,8.673617379884035e-18,0,"{'drift_pass': True, 'delta_margin_pass': True, 'region_gate_pass': True, 'transition_soundness_pass': True, 'event_source_pass': True, 'count_pass': True, 'CV_pass': None, 'sliding_pass': None}"
5,train,1.5,whole_budget,True,[],,0.33009441733360245,8.673617379884035e-18,0,"{'drift_pass': True, 'delta_margin_pass': True, 'region_gate_pass': True, 'transition_soundness_pass': True, 'event_source_pass': True, 'count_pass': True, 'CV_pass': None, 'sliding_pass': None}"
5,train,2.0,whole_budget,True,[],,0.6001258897781367,8.673617379884035e-18,0,"{'drift_pass': True, 'delta_margin_pass': True, 'region_gate_pass': True, 'transition_soundness_pass': True, 'event_source_pass': True, 'count_pass': True, 'CV_pass': None, 'sliding_pass': None}"
6,train,0.5,g_only,False,"['DELTA_MARGIN_FAIL', 'REGION_GATE_FAIL', 'TRANSITION_SOUNDNESS_FAIL']",38,-0.13989406824111955,-5.204170427930421e-18,68,"{'drift_pass': True, 'delta_margin_pass': False, 'region_gate_pass': False, 'transition_soundness_pass': False, 'event_source_pass': True, 'count_pass': True, 'CV_pass': None, 'sliding_pass': None}"
6,train,0.75,g_only,False,"['DELTA_MARGIN_FAIL', 'REGION_GATE_FAIL', 'TRANSITION_SOUNDNESS_FAIL']",237,-0.03568655252456692,-5.204170427930421e-18,4,"{'drift_pass': True, 'delta_margin_pass': False, 'region_gate_pass': False, 'transition_soundness_pass': False, 'event_source_pass': True, 'count_pass': True, 'CV_pass': None, 'sliding_pass': None}"
6,train,1.0,g_only,True,[],,0.06852096319198572,-5.204170427930421e-18,0,"{'drift_pass': True, 'delta_margin_pass': True, 'region_gate_pass': True, 'transition_soundness_pass': True, 'event_source_pass': True, 'count_pass': True, 'CV_pass': None, 'sliding_pass': None}"
6,train,1.25,g_only,True,[],,0.17272847890853837,8.673617379884035e-18,0,"{'drift_pass': True, 'delta_margin_pass': True, 'region_gate_pass': True, 'transition_soundness_pass': True, 'event_source_pass': True, 'count_pass': True, 'CV_pass': None, 'sliding_pass': None}"
6,train,1.5,g_only,True,[],,0.2769359946250911,8.673617379884035e-18,0,"{'drift_pass': True, 'delta_margin_pass': True, 'region_gate_pass': True, 'transition_soundness_pass': True, 'event_source_pass': True, 'count_pass': True, 'CV_pass': None, 'sliding_pass': None}"
6,train,2.0,g_only,True,[],,0.4853510260581966,8.673617379884035e-18,0,"{'drift_pass': True, 'delta_margin_pass': True, 'region_gate_pass': True, 'transition_soundness_pass': True, 'event_source_pass': True, 'count_pass': True, 'CV_pass': None, 'sliding_pass': None}"
6,train,0.5,whole_budget,False,"['DELTA_MARGIN_FAIL', 'REGION_GATE_FAIL', 'TRANSITION_SOUNDNESS_FAIL']",32,-0.20573951840400712,-5.204170427930421e-18,107,"{'drift_pass': True, 'delta_margin_pass': False, 'region_gate_pass': False, 'transition_soundness_pass': False, 'event_source_pass': True, 'count_pass': True, 'CV_pass': None, 'sliding_pass': None}"
6,train,0.75,whole_budget,False,"['DELTA_MARGIN_FAIL', 'REGION_GATE_FAIL', 'TRANSITION_SOUNDNESS_FAIL']",47,-0.06860927760601068,-5.204170427930421e-18,17,"{'drift_pass': True, 'delta_margin_pass': False, 'region_gate_pass': False, 'transition_soundness_pass': False, 'event_source_pass': True, 'count_pass': True, 'CV_pass': None, 'sliding_pass': None}"
6,train,1.0,whole_budget,True,[],,0.06852096319198572,-5.204170427930421e-18,0,"{'drift_pass': True, 'delta_margin_pass': True, 'region_gate_pass': True, 'transition_soundness_pass': True, 'event_source_pass': True, 'count_pass': True, 'CV_pass': None, 'sliding_pass': None}"
6,train,1.25,whole_budget,True,[],,0.20565120398998216,8.673617379884035e-18,0,"{'drift_pass': True, 'delta_margin_pass': True, 'region_gate_pass': True, 'transition_soundness_pass': True, 'event_source_pass': True, 'count_pass': True, 'CV_pass': None, 'sliding_pass': None}"
6,train,1.5,whole_budget,True,[],,0.3427814447879787,8.673617379884035e-18,0,"{'drift_pass': True, 'delta_margin_pass': True, 'region_gate_pass': True, 'transition_soundness_pass': True, 'event_source_pass': True, 'count_pass': True, 'CV_pass': None, 'sliding_pass': None}"
6,train,2.0,whole_budget,True,[],,0.6170419263839717,8.673617379884035e-18,0,"{'drift_pass': True, 'delta_margin_pass': True, 'region_gate_pass': True, 'transition_soundness_pass': True, 'event_source_pass': True, 'count_pass': True, 'CV_pass': None, 'sliding_pass': None}"
7,train,0.5,g_only,False,"['DELTA_MARGIN_FAIL', 'REGION_GATE_FAIL', 'TRANSITION_SOUNDNESS_FAIL']",37,-0.15993350744247453,-5.204170427930421e-18,77,"{'drift_pass': True, 'delta_margin_pass': False, 'region_gate_pass': False, 'transition_soundness_pass': False, 'event_source_pass': True, 'count_pass': True, 'CV_pass': None, 'sliding_pass': None}"
7,train,0.75,g_only,False,"['DELTA_MARGIN_FAIL', 'REGION_GATE_FAIL', 'TRANSITION_SOUNDNESS_FAIL']",138,-0.06574571132659937,-5.204170427930421e-18,11,"{'drift_pass': True, 'delta_margin_pass': False, 'region_gate_pass': False, 'transition_soundness_pass': False, 'event_source_pass': True, 'count_pass': True, 'CV_pass': None, 'sliding_pass': None}"
7,train,1.0,g_only,True,[],,0.02844208478927579,-5.204170427930421e-18,0,"{'drift_pass': True, 'delta_margin_pass': True, 'region_gate_pass': True, 'transition_soundness_pass': True, 'event_source_pass': True, 'count_pass': True, 'CV_pass': None, 'sliding_pass': None}"
7,train,1.25,g_only,True,[],,0.12262988090515094,-5.204170427930421e-18,0,"{'drift_pass': True, 'delta_margin_pass': True, 'region_gate_pass': True, 'transition_soundness_pass': True, 'event_source_pass': True, 'count_pass': True, 'CV_pass': None, 'sliding_pass': None}"
7,train,1.5,g_only,True,[],,0.21681767702102617,8.673617379884035e-18,0,"{'drift_pass': True, 'delta_margin_pass': True, 'region_gate_pass': True, 'transition_soundness_pass': True, 'event_source_pass': True, 'count_pass': True, 'CV_pass': None, 'sliding_pass': None}"
7,train,2.0,g_only,True,[],,0.40519326925277666,8.673617379884035e-18,0,"{'drift_pass': True, 'delta_margin_pass': True, 'region_gate_pass': True, 'transition_soundness_pass': True, 'event_source_pass': True, 'count_pass': True, 'CV_pass': None, 'sliding_pass': None}"
7,train,0.5,whole_budget,False,"['DELTA_MARGIN_FAIL', 'REGION_GATE_FAIL', 'TRANSITION_SOUNDNESS_FAIL']",30,-0.2257789576053621,-5.204170427930421e-18,117,"{'drift_pass': True, 'delta_margin_pass': False, 'region_gate_pass': False, 'transition_soundness_pass': False, 'event_source_pass': True, 'count_pass': True, 'CV_pass': None, 'sliding_pass': None}"
7,train,0.75,whole_budget,False,"['DELTA_MARGIN_FAIL', 'REGION_GATE_FAIL', 'TRANSITION_SOUNDNESS_FAIL']",45,-0.09866843640804311,-5.204170427930421e-18,30,"{'drift_pass': True, 'delta_margin_pass': False, 'region_gate_pass': False, 'transition_soundness_pass': False, 'event_source_pass': True, 'count_pass': True, 'CV_pass': None, 'sliding_pass': None}"
7,train,1.0,whole_budget,True,[],,0.02844208478927579,-5.204170427930421e-18,0,"{'drift_pass': True, 'delta_margin_pass': True, 'region_gate_pass': True, 'transition_soundness_pass': True, 'event_source_pass': True, 'count_pass': True, 'CV_pass': None, 'sliding_pass': None}"
7,train,1.25,whole_budget,True,[],,0.1555526059865947,8.673617379884035e-18,0,"{'drift_pass': True, 'delta_margin_pass': True, 'region_gate_pass': True, 'transition_soundness_pass': True, 'event_source_pass': True, 'count_pass': True, 'CV_pass': None, 'sliding_pass': None}"
7,train,1.5,whole_budget,True,[],,0.28266312718391373,8.673617379884035e-18,0,"{'drift_pass': True, 'delta_margin_pass': True, 'region_gate_pass': True, 'transition_soundness_pass': True, 'event_source_pass': True, 'count_pass': True, 'CV_pass': None, 'sliding_pass': None}"
7,train,2.0,whole_budget,True,[],,0.5368841695785518,8.673617379884035e-18,0,"{'drift_pass': True, 'delta_margin_pass': True, 'region_gate_pass': True, 'transition_soundness_pass': True, 'event_source_pass': True, 'count_pass': True, 'CV_pass': None, 'sliding_pass': None}"
8,train,0.5,g_only,False,"['DELTA_MARGIN_FAIL', 'REGION_GATE_FAIL', 'TRANSITION_SOUNDNESS_FAIL']",39,-0.16388821601867692,-5.204170427930421e-18,88,"{'drift_pass': True, 'delta_margin_pass': False, 'region_gate_pass': False, 'transition_soundness_pass': False, 'event_source_pass': True, 'count_pass': True, 'CV_pass': None, 'sliding_pass': None}"
8,train,0.75,g_only,False,"['DELTA_MARGIN_FAIL', 'REGION_GATE_FAIL', 'TRANSITION_SOUNDNESS_FAIL']",91,-0.07167777419090296,-5.204170427930421e-18,28,"{'drift_pass': True, 'delta_margin_pass': False, 'region_gate_pass': False, 'transition_soundness_pass': False, 'event_source_pass': True, 'count_pass': True, 'CV_pass': None, 'sliding_pass': None}"
8,train,1.0,g_only,True,[],,0.020532667636871012,-5.204170427930421e-18,0,"{'drift_pass': True, 'delta_margin_pass': True, 'region_gate_pass': True, 'transition_soundness_pass': True, 'event_source_pass': True, 'count_pass': True, 'CV_pass': None, 'sliding_pass': None}"
8,train,1.25,g_only,True,[],,0.11274310946464497,-5.204170427930421e-18,0,"{'drift_pass': True, 'delta_margin_pass': True, 'region_gate_pass': True, 'transition_soundness_pass': True, 'event_source_pass': True, 'count_pass': True, 'CV_pass': None, 'sliding_pass': None}"
8,train,1.5,g_only,True,[],,0.204953551292419,8.673617379884035e-18,0,"{'drift_pass': True, 'delta_margin_pass': True, 'region_gate_pass': True, 'transition_soundness_pass': True, 'event_source_pass': True, 'count_pass': True, 'CV_pass': None, 'sliding_pass': None}"
8,train,2.0,g_only,True,[],,0.3893744349479671,8.673617379884035e-18,0,"{'drift_pass': True, 'delta_margin_pass': True, 'region_gate_pass': True, 'transition_soundness_pass': True, 'event_source_pass': True, 'count_pass': True, 'CV_pass': None, 'sliding_pass': None}"
8,train,0.5,whole_budget,False,"['DELTA_MARGIN_FAIL', 'REGION_GATE_FAIL', 'TRANSITION_SOUNDNESS_FAIL']",32,-0.2297336661815645,-5.204170427930421e-18,127,"{'drift_pass': True, 'delta_margin_pass': False, 'region_gate_pass': False, 'transition_soundness_pass': False, 'event_source_pass': True, 'count_pass': True, 'CV_pass': None, 'sliding_pass': None}"
8,train,0.75,whole_budget,False,"['DELTA_MARGIN_FAIL', 'REGION_GATE_FAIL', 'TRANSITION_SOUNDNESS_FAIL']",48,-0.1046004992723467,-5.204170427930421e-18,45,"{'drift_pass': True, 'delta_margin_pass': False, 'region_gate_pass': False, 'transition_soundness_pass': False, 'event_source_pass': True, 'count_pass': True, 'CV_pass': None, 'sliding_pass': None}"
8,train,1.0,whole_budget,True,[],,0.020532667636871012,-5.204170427930421e-18,0,"{'drift_pass': True, 'delta_margin_pass': True, 'region_gate_pass': True, 'transition_soundness_pass': True, 'event_source_pass': True, 'count_pass': True, 'CV_pass': None, 'sliding_pass': None}"
8,train,1.25,whole_budget,True,[],,0.14566583454608872,8.673617379884035e-18,0,"{'drift_pass': True, 'delta_margin_pass': True, 'region_gate_pass': True, 'transition_soundness_pass': True, 'event_source_pass': True, 'count_pass': True, 'CV_pass': None, 'sliding_pass': None}"
8,train,1.5,whole_budget,True,[],,0.27079900145530655,8.673617379884035e-18,0,"{'drift_pass': True, 'delta_margin_pass': True, 'region_gate_pass': True, 'transition_soundness_pass': True, 'event_source_pass': True, 'count_pass': True, 'CV_pass': None, 'sliding_pass': None}"
8,train,2.0,whole_budget,True,[],,0.5210653352737422,8.673617379884035e-18,0,"{'drift_pass': True, 'delta_margin_pass': True, 'region_gate_pass': True, 'transition_soundness_pass': True, 'event_source_pass': True, 'count_pass': True, 'CV_pass': None, 'sliding_pass': None}"
9,train,0.5,g_only,False,"['DELTA_MARGIN_FAIL', 'REGION_GATE_FAIL', 'TRANSITION_SOUNDNESS_FAIL']",36,-0.14869274199008958,-5.204170427930421e-18,78,"{'drift_pass': True, 'delta_margin_pass': False, 'region_gate_pass': False, 'transition_soundness_pass': False, 'event_source_pass': True, 'count_pass': True, 'CV_pass': None, 'sliding_pass': None}"
9,train,0.75,g_only,False,"['DELTA_MARGIN_FAIL', 'REGION_GATE_FAIL', 'TRANSITION_SOUNDNESS_FAIL']",47,-0.04888456314802197,-5.204170427930421e-18,11,"{'drift_pass': True, 'delta_margin_pass': False, 'region_gate_pass': False, 'transition_soundness_pass': False, 'event_source_pass': True, 'count_pass': True, 'CV_pass': None, 'sliding_pass': None}"
9,train,1.0,g_only,True,[],,0.050923615694045674,-5.204170427930421e-18,0,"{'drift_pass': True, 'delta_margin_pass': True, 'region_gate_pass': True, 'transition_soundness_pass': True, 'event_source_pass': True, 'count_pass': True, 'CV_pass': None, 'sliding_pass': None}"
9,train,1.25,g_only,True,[],,0.1507317945361133,8.673617379884035e-18,0,"{'drift_pass': True, 'delta_margin_pass': True, 'region_gate_pass': True, 'transition_soundness_pass': True, 'event_source_pass': True, 'count_pass': True, 'CV_pass': None, 'sliding_pass': None}"
9,train,1.5,g_only,True,[],,0.250539973378181,8.673617379884035e-18,0,"{'drift_pass': True, 'delta_margin_pass': True, 'region_gate_pass': True, 'transition_soundness_pass': True, 'event_source_pass': True, 'count_pass': True, 'CV_pass': None, 'sliding_pass': None}"
9,train,2.0,g_only,True,[],,0.45015633106231645,8.673617379884035e-18,0,"{'drift_pass': True, 'delta_margin_pass': True, 'region_gate_pass': True, 'transition_soundness_pass': True, 'event_source_pass': True, 'count_pass': True, 'CV_pass': None, 'sliding_pass': None}"
9,train,0.5,whole_budget,False,"['DELTA_MARGIN_FAIL', 'REGION_GATE_FAIL', 'TRANSITION_SOUNDNESS_FAIL']",30,-0.21453819215297715,-5.204170427930421e-18,116,"{'drift_pass': True, 'delta_margin_pass': False, 'region_gate_pass': False, 'transition_soundness_pass': False, 'event_source_pass': True, 'count_pass': True, 'CV_pass': None, 'sliding_pass': None}"
9,train,0.75,whole_budget,False,"['DELTA_MARGIN_FAIL', 'REGION_GATE_FAIL', 'TRANSITION_SOUNDNESS_FAIL']",44,-0.08180728822946572,-5.204170427930421e-18,30,"{'drift_pass': True, 'delta_margin_pass': False, 'region_gate_pass': False, 'transition_soundness_pass': False, 'event_source_pass': True, 'count_pass': True, 'CV_pass': None, 'sliding_pass': None}"
9,train,1.0,whole_budget,True,[],,0.050923615694045674,-5.204170427930421e-18,0,"{'drift_pass': True, 'delta_margin_pass': True, 'region_gate_pass': True, 'transition_soundness_pass': True, 'event_source_pass': True, 'count_pass': True, 'CV_pass': None, 'sliding_pass': None}"
9,train,1.25,whole_budget,True,[],,0.18365451961755708,8.673617379884035e-18,0,"{'drift_pass': True, 'delta_margin_pass': True, 'region_gate_pass': True, 'transition_soundness_pass': True, 'event_source_pass': True, 'count_pass': True, 'CV_pass': None, 'sliding_pass': None}"
9,train,1.5,whole_budget,True,[],,0.3163854235410686,8.673617379884035e-18,0,"{'drift_pass': True, 'delta_margin_pass': True, 'region_gate_pass': True, 'transition_soundness_pass': True, 'event_source_pass': True, 'count_pass': True, 'CV_pass': None, 'sliding_pass': None}"
9,train,2.0,whole_budget,True,[],,0.5818472313880916,8.673617379884035e-18,0,"{'drift_pass': True, 'delta_margin_pass': True, 'region_gate_pass': True, 'transition_soundness_pass': True, 'event_source_pass': True, 'count_pass': True, 'CV_pass': None, 'sliding_pass': None}"
10,train,0.5,g_only,False,"['DELTA_MARGIN_FAIL', 'REGION_GATE_FAIL', 'TRANSITION_SOUNDNESS_FAIL']",36,-0.1297504901885988,-5.204170427930421e-18,69,"{'drift_pass': True, 'delta_margin_pass': False, 'region_gate_pass': False, 'transition_soundness_pass': False, 'event_source_pass': True, 'count_pass': True, 'CV_pass': None, 'sliding_pass': None}"
10,train,0.75,g_only,False,"['DELTA_MARGIN_FAIL', 'REGION_GATE_FAIL', 'TRANSITION_SOUNDNESS_FAIL']",48,-0.020471185445785814,-5.204170427930421e-18,6,"{'drift_pass': True, 'delta_margin_pass': False, 'region_gate_pass': False, 'transition_soundness_pass': False, 'event_source_pass': True, 'count_pass': True, 'CV_pass': None, 'sliding_pass': None}"
10,train,1.0,g_only,True,[],,0.0888081192970272,-5.204170427930421e-18,0,"{'drift_pass': True, 'delta_margin_pass': True, 'region_gate_pass': True, 'transition_soundness_pass': True, 'event_source_pass': True, 'count_pass': True, 'CV_pass': None, 'sliding_pass': None}"
10,train,1.25,g_only,True,[],,0.19808742403984025,8.673617379884035e-18,0,"{'drift_pass': True, 'delta_margin_pass': True, 'region_gate_pass': True, 'transition_soundness_pass': True, 'event_source_pass': True, 'count_pass': True, 'CV_pass': None, 'sliding_pass': None}"
10,train,1.5,g_only,True,[],,0.30736672878265336,8.673617379884035e-18,0,"{'drift_pass': True, 'delta_margin_pass': True, 'region_gate_pass': True, 'transition_soundness_pass': True, 'event_source_pass': True, 'count_pass': True, 'CV_pass': None, 'sliding_pass': None}"
10,train,2.0,g_only,True,[],,0.5259253382682796,8.673617379884035e-18,0,"{'drift_pass': True, 'delta_margin_pass': True, 'region_gate_pass': True, 'transition_soundness_pass': True, 'event_source_pass': True, 'count_pass': True, 'CV_pass': None, 'sliding_pass': None}"
10,train,0.5,whole_budget,False,"['DELTA_MARGIN_FAIL', 'REGION_GATE_FAIL', 'TRANSITION_SOUNDNESS_FAIL']",30,-0.19559594035148636,-5.204170427930421e-18,110,"{'drift_pass': True, 'delta_margin_pass': False, 'region_gate_pass': False, 'transition_soundness_pass': False, 'event_source_pass': True, 'count_pass': True, 'CV_pass': None, 'sliding_pass': None}"
10,train,0.75,whole_budget,False,"['DELTA_MARGIN_FAIL', 'REGION_GATE_FAIL', 'TRANSITION_SOUNDNESS_FAIL']",45,-0.053393910527229575,-5.204170427930421e-18,20,"{'drift_pass': True, 'delta_margin_pass': False, 'region_gate_pass': False, 'transition_soundness_pass': False, 'event_source_pass': True, 'count_pass': True, 'CV_pass': None, 'sliding_pass': None}"
10,train,1.0,whole_budget,True,[],,0.0888081192970272,-5.204170427930421e-18,0,"{'drift_pass': True, 'delta_margin_pass': True, 'region_gate_pass': True, 'transition_soundness_pass': True, 'event_source_pass': True, 'count_pass': True, 'CV_pass': None, 'sliding_pass': None}"
10,train,1.25,whole_budget,True,[],,0.23101014912128404,8.673617379884035e-18,0,"{'drift_pass': True, 'delta_margin_pass': True, 'region_gate_pass': True, 'transition_soundness_pass': True, 'event_source_pass': True, 'count_pass': True, 'CV_pass': None, 'sliding_pass': None}"
10,train,1.5,whole_budget,True,[],,0.37321217894554093,8.673617379884035e-18,0,"{'drift_pass': True, 'delta_margin_pass': True, 'region_gate_pass': True, 'transition_soundness_pass': True, 'event_source_pass': True, 'count_pass': True, 'CV_pass': None, 'sliding_pass': None}"
10,train,2.0,whole_budget,True,[],,0.6576162385940547,8.673617379884035e-18,0,"{'drift_pass': True, 'delta_margin_pass': True, 'region_gate_pass': True, 'transition_soundness_pass': True, 'event_source_pass': True, 'count_pass': True, 'CV_pass': None, 'sliding_pass': None}"
11,train,0.5,g_only,False,"['DELTA_MARGIN_FAIL', 'REGION_GATE_FAIL', 'TRANSITION_SOUNDNESS_FAIL']",36,-0.1281791031360628,-5.204170427930421e-18,72,"{'drift_pass': True, 'delta_margin_pass': False, 'region_gate_pass': False, 'transition_soundness_pass': False, 'event_source_pass': True, 'count_pass': True, 'CV_pass': None, 'sliding_pass': None}"
11,train,0.75,g_only,False,"['DELTA_MARGIN_FAIL', 'REGION_GATE_FAIL', 'TRANSITION_SOUNDNESS_FAIL']",47,-0.018114104866981798,-5.204170427930421e-18,6,"{'drift_pass': True, 'delta_margin_pass': False, 'region_gate_pass': False, 'transition_soundness_pass': False, 'event_source_pass': True, 'count_pass': True, 'CV_pass': None, 'sliding_pass': None}"
11,train,1.0,g_only,True,[],,0.09195089340209922,-5.204170427930421e-18,0,"{'drift_pass': True, 'delta_margin_pass': True, 'region_gate_pass': True, 'transition_soundness_pass': True, 'event_source_pass': True, 'count_pass': True, 'CV_pass': None, 'sliding_pass': None}"
11,train,1.25,g_only,True,[],,0.20201589167118028,8.673617379884035e-18,0,"{'drift_pass': True, 'delta_margin_pass': True, 'region_gate_pass': True, 'transition_soundness_pass': True, 'event_source_pass': True, 'count_pass': True, 'CV_pass': None, 'sliding_pass': None}"
11,train,1.5,g_only,True,[],,0.3120808899402614,8.673617379884035e-18,0,"{'drift_pass': True, 'delta_margin_pass': True, 'region_gate_pass': True, 'transition_soundness_pass': True, 'event_source_pass': True, 'count_pass': True, 'CV_pass': None, 'sliding_pass': None}"
11,train,2.0,g_only,True,[],,0.5322108864784236,8.673617379884035e-18,0,"{'drift_pass': True, 'delta_margin_pass': True, 'region_gate_pass': True, 'transition_soundness_pass': True, 'event_source_pass': True, 'count_pass': True, 'CV_pass': None, 'sliding_pass': None}"
11,train,0.5,whole_budget,False,"['DELTA_MARGIN_FAIL', 'REGION_GATE_FAIL', 'TRANSITION_SOUNDNESS_FAIL']",30,-0.19402455329895035,-5.204170427930421e-18,111,"{'drift_pass': True, 'delta_margin_pass': False, 'region_gate_pass': False, 'transition_soundness_pass': False, 'event_source_pass': True, 'count_pass': True, 'CV_pass': None, 'sliding_pass': None}"
11,train,0.75,whole_budget,False,"['DELTA_MARGIN_FAIL', 'REGION_GATE_FAIL', 'TRANSITION_SOUNDNESS_FAIL']",44,-0.05103682994842556,-5.204170427930421e-18,22,"{'drift_pass': True, 'delta_margin_pass': False, 'region_gate_pass': False, 'transition_soundness_pass': False, 'event_source_pass': True, 'count_pass': True, 'CV_pass': None, 'sliding_pass': None}"
11,train,1.0,whole_budget,True,[],,0.09195089340209922,-5.204170427930421e-18,0,"{'drift_pass': True, 'delta_margin_pass': True, 'region_gate_pass': True, 'transition_soundness_pass': True, 'event_source_pass': True, 'count_pass': True, 'CV_pass': None, 'sliding_pass': None}"
11,train,1.25,whole_budget,True,[],,0.23493861675262406,8.673617379884035e-18,0,"{'drift_pass': True, 'delta_margin_pass': True, 'region_gate_pass': True, 'transition_soundness_pass': True, 'event_source_pass': True, 'count_pass': True, 'CV_pass': None, 'sliding_pass': None}"
11,train,1.5,whole_budget,True,[],,0.37792634010314896,8.673617379884035e-18,0,"{'drift_pass': True, 'delta_margin_pass': True, 'region_gate_pass': True, 'transition_soundness_pass': True, 'event_source_pass': True, 'count_pass': True, 'CV_pass': None, 'sliding_pass': None}"
11,train,2.0,whole_budget,True,[],,0.6639017868041988,8.673617379884035e-18,0,"{'drift_pass': True, 'delta_margin_pass': True, 'region_gate_pass': True, 'transition_soundness_pass': True, 'event_source_pass': True, 'count_pass': True, 'CV_pass': None, 'sliding_pass': None}"
12,internal_check,0.5,g_only,False,"['DELTA_MARGIN_FAIL', 'REGION_GATE_FAIL', 'TRANSITION_SOUNDNESS_FAIL']",45,-0.19032089412212388,-5.204170427930421e-18,85,"{'drift_pass': True, 'delta_margin_pass': False, 'region_gate_pass': False, 'transition_soundness_pass': False, 'event_source_pass': True, 'count_pass': True, 'CV_pass': None, 'sliding_pass': None}"
12,internal_check,0.75,g_only,False,"['DELTA_MARGIN_FAIL', 'REGION_GATE_FAIL', 'TRANSITION_SOUNDNESS_FAIL']",85,-0.11132679134607334,-5.204170427930421e-18,33,"{'drift_pass': True, 'delta_margin_pass': False, 'region_gate_pass': False, 'transition_soundness_pass': False, 'event_source_pass': True, 'count_pass': True, 'CV_pass': None, 'sliding_pass': None}"
12,internal_check,1.0,g_only,False,"['DELTA_MARGIN_FAIL', 'REGION_GATE_FAIL', 'TRANSITION_SOUNDNESS_FAIL']",93,-0.03233268857002287,-5.204170427930421e-18,8,"{'drift_pass': True, 'delta_margin_pass': False, 'region_gate_pass': False, 'transition_soundness_pass': False, 'event_source_pass': True, 'count_pass': True, 'CV_pass': None, 'sliding_pass': None}"
12,internal_check,1.25,g_only,True,[],,0.04666141420602764,-5.204170427930421e-18,0,"{'drift_pass': True, 'delta_margin_pass': True, 'region_gate_pass': True, 'transition_soundness_pass': True, 'event_source_pass': True, 'count_pass': True, 'CV_pass': None, 'sliding_pass': None}"
12,internal_check,1.5,g_only,True,[],,0.1256555169820781,8.673617379884035e-18,0,"{'drift_pass': True, 'delta_margin_pass': True, 'region_gate_pass': True, 'transition_soundness_pass': True, 'event_source_pass': True, 'count_pass': True, 'CV_pass': None, 'sliding_pass': None}"
12,internal_check,2.0,g_only,True,[],,0.28364372253417924,8.673617379884035e-18,0,"{'drift_pass': True, 'delta_margin_pass': True, 'region_gate_pass': True, 'transition_soundness_pass': True, 'event_source_pass': True, 'count_pass': True, 'CV_pass': None, 'sliding_pass': None}"
12,internal_check,0.5,whole_budget,False,"['DELTA_MARGIN_FAIL', 'REGION_GATE_FAIL', 'TRANSITION_SOUNDNESS_FAIL']",39,-0.25616634428501145,-5.204170427930421e-18,121,"{'drift_pass': True, 'delta_margin_pass': False, 'region_gate_pass': False, 'transition_soundness_pass': False, 'event_source_pass': True, 'count_pass': True, 'CV_pass': None, 'sliding_pass': None}"
12,internal_check,0.75,whole_budget,False,"['DELTA_MARGIN_FAIL', 'REGION_GATE_FAIL', 'TRANSITION_SOUNDNESS_FAIL']",82,-0.1442495164275171,-5.204170427930421e-18,47,"{'drift_pass': True, 'delta_margin_pass': False, 'region_gate_pass': False, 'transition_soundness_pass': False, 'event_source_pass': True, 'count_pass': True, 'CV_pass': None, 'sliding_pass': None}"
12,internal_check,1.0,whole_budget,False,"['DELTA_MARGIN_FAIL', 'REGION_GATE_FAIL', 'TRANSITION_SOUNDNESS_FAIL']",93,-0.03233268857002287,-5.204170427930421e-18,8,"{'drift_pass': True, 'delta_margin_pass': False, 'region_gate_pass': False, 'transition_soundness_pass': False, 'event_source_pass': True, 'count_pass': True, 'CV_pass': None, 'sliding_pass': None}"
12,internal_check,1.25,whole_budget,True,[],,0.07958413928747139,-5.204170427930421e-18,0,"{'drift_pass': True, 'delta_margin_pass': True, 'region_gate_pass': True, 'transition_soundness_pass': True, 'event_source_pass': True, 'count_pass': True, 'CV_pass': None, 'sliding_pass': None}"
12,internal_check,1.5,whole_budget,True,[],,0.19150096714496567,8.673617379884035e-18,0,"{'drift_pass': True, 'delta_margin_pass': True, 'region_gate_pass': True, 'transition_soundness_pass': True, 'event_source_pass': True, 'count_pass': True, 'CV_pass': None, 'sliding_pass': None}"
12,internal_check,2.0,whole_budget,True,[],,0.41533462285995437,8.673617379884035e-18,0,"{'drift_pass': True, 'delta_margin_pass': True, 'region_gate_pass': True, 'transition_soundness_pass': True, 'event_source_pass': True, 'count_pass': True, 'CV_pass': None, 'sliding_pass': None}"
13,internal_check,0.5,g_only,False,"['DELTA_MARGIN_FAIL', 'REGION_GATE_FAIL', 'TRANSITION_SOUNDNESS_FAIL']",36,-0.26177647709846513,-5.204170427930421e-18,122,"{'drift_pass': True, 'delta_margin_pass': False, 'region_gate_pass': False, 'transition_soundness_pass': False, 'event_source_pass': True, 'count_pass': True, 'CV_pass': None, 'sliding_pass': None}"
13,internal_check,0.75,g_only,False,"['DELTA_MARGIN_FAIL', 'REGION_GATE_FAIL', 'TRANSITION_SOUNDNESS_FAIL']",48,-0.2185101658105852,-5.204170427930421e-18,74,"{'drift_pass': True, 'delta_margin_pass': False, 'region_gate_pass': False, 'transition_soundness_pass': False, 'event_source_pass': True, 'count_pass': True, 'CV_pass': None, 'sliding_pass': None}"
13,internal_check,1.0,g_only,False,"['DELTA_MARGIN_FAIL', 'REGION_GATE_FAIL', 'TRANSITION_SOUNDNESS_FAIL']",86,-0.17524385452270524,-5.204170427930421e-18,40,"{'drift_pass': True, 'delta_margin_pass': False, 'region_gate_pass': False, 'transition_soundness_pass': False, 'event_source_pass': True, 'count_pass': True, 'CV_pass': None, 'sliding_pass': None}"
13,internal_check,1.25,g_only,False,"['DELTA_MARGIN_FAIL', 'REGION_GATE_FAIL', 'TRANSITION_SOUNDNESS_FAIL']",92,-0.1319775432348253,-5.204170427930421e-18,19,"{'drift_pass': True, 'delta_margin_pass': False, 'region_gate_pass': False, 'transition_soundness_pass': False, 'event_source_pass': True, 'count_pass': True, 'CV_pass': None, 'sliding_pass': None}"
13,internal_check,1.5,g_only,False,"['DELTA_MARGIN_FAIL', 'REGION_GATE_FAIL', 'TRANSITION_SOUNDNESS_FAIL']",184,-0.08871123194694541,-5.204170427930421e-18,9,"{'drift_pass': True, 'delta_margin_pass': False, 'region_gate_pass': False, 'transition_soundness_pass': False, 'event_source_pass': True, 'count_pass': True, 'CV_pass': None, 'sliding_pass': None}"
13,internal_check,2.0,g_only,False,"['DELTA_MARGIN_FAIL', 'REGION_GATE_FAIL', 'TRANSITION_SOUNDNESS_FAIL']",192,-0.0021786093711856115,-5.204170427930421e-18,1,"{'drift_pass': True, 'delta_margin_pass': False, 'region_gate_pass': False, 'transition_soundness_pass': False, 'event_source_pass': True, 'count_pass': True, 'CV_pass': None, 'sliding_pass': None}"
13,internal_check,0.5,whole_budget,False,"['DELTA_MARGIN_FAIL', 'REGION_GATE_FAIL', 'TRANSITION_SOUNDNESS_FAIL']",30,-0.3276219272613527,-5.204170427930421e-18,160,"{'drift_pass': True, 'delta_margin_pass': False, 'region_gate_pass': False, 'transition_soundness_pass': False, 'event_source_pass': True, 'count_pass': True, 'CV_pass': None, 'sliding_pass': None}"
13,internal_check,0.75,whole_budget,False,"['DELTA_MARGIN_FAIL', 'REGION_GATE_FAIL', 'TRANSITION_SOUNDNESS_FAIL']",44,-0.25143289089202897,-5.204170427930421e-18,96,"{'drift_pass': True, 'delta_margin_pass': False, 'region_gate_pass': False, 'transition_soundness_pass': False, 'event_source_pass': True, 'count_pass': True, 'CV_pass': None, 'sliding_pass': None}"
13,internal_check,1.0,whole_budget,False,"['DELTA_MARGIN_FAIL', 'REGION_GATE_FAIL', 'TRANSITION_SOUNDNESS_FAIL']",86,-0.17524385452270524,-5.204170427930421e-18,40,"{'drift_pass': True, 'delta_margin_pass': False, 'region_gate_pass': False, 'transition_soundness_pass': False, 'event_source_pass': True, 'count_pass': True, 'CV_pass': None, 'sliding_pass': None}"
13,internal_check,1.25,whole_budget,False,"['DELTA_MARGIN_FAIL', 'REGION_GATE_FAIL', 'TRANSITION_SOUNDNESS_FAIL']",95,-0.09905481815338156,-5.204170427930421e-18,12,"{'drift_pass': True, 'delta_margin_pass': False, 'region_gate_pass': False, 'transition_soundness_pass': False, 'event_source_pass': True, 'count_pass': True, 'CV_pass': None, 'sliding_pass': None}"
13,internal_check,1.5,whole_budget,False,"['DELTA_MARGIN_FAIL', 'REGION_GATE_FAIL', 'TRANSITION_SOUNDNESS_FAIL']",190,-0.022865781784057918,-5.204170427930421e-18,3,"{'drift_pass': True, 'delta_margin_pass': False, 'region_gate_pass': False, 'transition_soundness_pass': False, 'event_source_pass': True, 'count_pass': True, 'CV_pass': None, 'sliding_pass': None}"
13,internal_check,2.0,whole_budget,True,[],,0.12951229095458938,8.673617379884035e-18,0,"{'drift_pass': True, 'delta_margin_pass': True, 'region_gate_pass': True, 'transition_soundness_pass': True, 'event_source_pass': True, 'count_pass': True, 'CV_pass': None, 'sliding_pass': None}"
14,internal_check,0.5,g_only,False,"['DELTA_MARGIN_FAIL', 'REGION_GATE_FAIL', 'TRANSITION_SOUNDNESS_FAIL']",40,-0.250811278820038,-5.204170427930421e-18,121,"{'drift_pass': True, 'delta_margin_pass': False, 'region_gate_pass': False, 'transition_soundness_pass': False, 'event_source_pass': True, 'count_pass': True, 'CV_pass': None, 'sliding_pass': None}"
14,internal_check,0.75,g_only,False,"['DELTA_MARGIN_FAIL', 'REGION_GATE_FAIL', 'TRANSITION_SOUNDNESS_FAIL']",83,-0.2020623683929445,-5.204170427930421e-18,79,"{'drift_pass': True, 'delta_margin_pass': False, 'region_gate_pass': False, 'transition_soundness_pass': False, 'event_source_pass': True, 'count_pass': True, 'CV_pass': None, 'sliding_pass': None}"
14,internal_check,1.0,g_only,False,"['DELTA_MARGIN_FAIL', 'REGION_GATE_FAIL', 'TRANSITION_SOUNDNESS_FAIL']",90,-0.153313457965851,-5.204170427930421e-18,47,"{'drift_pass': True, 'delta_margin_pass': False, 'region_gate_pass': False, 'transition_soundness_pass': False, 'event_source_pass': True, 'count_pass': True, 'CV_pass': None, 'sliding_pass': None}"
14,internal_check,1.25,g_only,False,"['DELTA_MARGIN_FAIL', 'REGION_GATE_FAIL', 'TRANSITION_SOUNDNESS_FAIL']",134,-0.10456454753875753,-5.204170427930421e-18,16,"{'drift_pass': True, 'delta_margin_pass': False, 'region_gate_pass': False, 'transition_soundness_pass': False, 'event_source_pass': True, 'count_pass': True, 'CV_pass': None, 'sliding_pass': None}"
14,internal_check,1.5,g_only,False,"['DELTA_MARGIN_FAIL', 'REGION_GATE_FAIL', 'TRANSITION_SOUNDNESS_FAIL']",139,-0.055815637111664075,-5.204170427930421e-18,6,"{'drift_pass': True, 'delta_margin_pass': False, 'region_gate_pass': False, 'transition_soundness_pass': False, 'event_source_pass': True, 'count_pass': True, 'CV_pass': None, 'sliding_pass': None}"
14,internal_check,2.0,g_only,True,[],,0.04168218374252285,-5.204170427930421e-18,0,"{'drift_pass': True, 'delta_margin_pass': True, 'region_gate_pass': True, 'transition_soundness_pass': True, 'event_source_pass': True, 'count_pass': True, 'CV_pass': None, 'sliding_pass': None}"
14,internal_check,0.5,whole_budget,False,"['DELTA_MARGIN_FAIL', 'REGION_GATE_FAIL', 'TRANSITION_SOUNDNESS_FAIL']",34,-0.3166567289829256,-5.204170427930421e-18,160,"{'drift_pass': True, 'delta_margin_pass': False, 'region_gate_pass': False, 'transition_soundness_pass': False, 'event_source_pass': True, 'count_pass': True, 'CV_pass': None, 'sliding_pass': None}"
14,internal_check,0.75,whole_budget,False,"['DELTA_MARGIN_FAIL', 'REGION_GATE_FAIL', 'TRANSITION_SOUNDNESS_FAIL']",80,-0.23498509347438828,-5.204170427930421e-18,97,"{'drift_pass': True, 'delta_margin_pass': False, 'region_gate_pass': False, 'transition_soundness_pass': False, 'event_source_pass': True, 'count_pass': True, 'CV_pass': None, 'sliding_pass': None}"
14,internal_check,1.0,whole_budget,False,"['DELTA_MARGIN_FAIL', 'REGION_GATE_FAIL', 'TRANSITION_SOUNDNESS_FAIL']",90,-0.153313457965851,-5.204170427930421e-18,47,"{'drift_pass': True, 'delta_margin_pass': False, 'region_gate_pass': False, 'transition_soundness_pass': False, 'event_source_pass': True, 'count_pass': True, 'CV_pass': None, 'sliding_pass': None}"
14,internal_check,1.25,whole_budget,False,"['DELTA_MARGIN_FAIL', 'REGION_GATE_FAIL', 'TRANSITION_SOUNDNESS_FAIL']",137,-0.07164182245731379,-5.204170427930421e-18,10,"{'drift_pass': True, 'delta_margin_pass': False, 'region_gate_pass': False, 'transition_soundness_pass': False, 'event_source_pass': True, 'count_pass': True, 'CV_pass': None, 'sliding_pass': None}"
14,internal_check,1.5,whole_budget,True,[],,0.010029813051223429,-5.204170427930421e-18,0,"{'drift_pass': True, 'delta_margin_pass': True, 'region_gate_pass': True, 'transition_soundness_pass': True, 'event_source_pass': True, 'count_pass': True, 'CV_pass': None, 'sliding_pass': None}"
14,internal_check,2.0,whole_budget,True,[],,0.17337308406829788,8.673617379884035e-18,0,"{'drift_pass': True, 'delta_margin_pass': True, 'region_gate_pass': True, 'transition_soundness_pass': True, 'event_source_pass': True, 'count_pass': True, 'CV_pass': None, 'sliding_pass': None}"
15,internal_check,0.5,g_only,False,"['DELTA_MARGIN_FAIL', 'REGION_GATE_FAIL', 'TRANSITION_SOUNDNESS_FAIL']",38,-0.227848991751671,-5.204170427930421e-18,123,"{'drift_pass': True, 'delta_margin_pass': False, 'region_gate_pass': False, 'transition_soundness_pass': False, 'event_source_pass': True, 'count_pass': True, 'CV_pass': None, 'sliding_pass': None}"
15,internal_check,0.75,g_only,False,"['DELTA_MARGIN_FAIL', 'REGION_GATE_FAIL', 'TRANSITION_SOUNDNESS_FAIL']",83,-0.167618937790394,-5.204170427930421e-18,78,"{'drift_pass': True, 'delta_margin_pass': False, 'region_gate_pass': False, 'transition_soundness_pass': False, 'event_source_pass': True, 'count_pass': True, 'CV_pass': None, 'sliding_pass': None}"
15,internal_check,1.0,g_only,False,"['DELTA_MARGIN_FAIL', 'REGION_GATE_FAIL', 'TRANSITION_SOUNDNESS_FAIL']",90,-0.10738888382911702,-5.204170427930421e-18,44,"{'drift_pass': True, 'delta_margin_pass': False, 'region_gate_pass': False, 'transition_soundness_pass': False, 'event_source_pass': True, 'count_pass': True, 'CV_pass': None, 'sliding_pass': None}"
15,internal_check,1.25,g_only,False,"['DELTA_MARGIN_FAIL', 'REGION_GATE_FAIL', 'TRANSITION_SOUNDNESS_FAIL']",96,-0.04715882986784008,-5.204170427930421e-18,15,"{'drift_pass': True, 'delta_margin_pass': False, 'region_gate_pass': False, 'transition_soundness_pass': False, 'event_source_pass': True, 'count_pass': True, 'CV_pass': None, 'sliding_pass': None}"
15,internal_check,1.5,g_only,True,[],,0.013071224093436884,-5.204170427930421e-18,0,"{'drift_pass': True, 'delta_margin_pass': True, 'region_gate_pass': True, 'transition_soundness_pass': True, 'event_source_pass': True, 'count_pass': True, 'CV_pass': None, 'sliding_pass': None}"
15,internal_check,2.0,g_only,True,[],,0.13353133201599077,8.673617379884035e-18,0,"{'drift_pass': True, 'delta_margin_pass': True, 'region_gate_pass': True, 'transition_soundness_pass': True, 'event_source_pass': True, 'count_pass': True, 'CV_pass': None, 'sliding_pass': None}"
15,internal_check,0.5,whole_budget,False,"['DELTA_MARGIN_FAIL', 'REGION_GATE_FAIL', 'TRANSITION_SOUNDNESS_FAIL']",31,-0.29369444191455857,-5.204170427930421e-18,162,"{'drift_pass': True, 'delta_margin_pass': False, 'region_gate_pass': False, 'transition_soundness_pass': False, 'event_source_pass': True, 'count_pass': True, 'CV_pass': None, 'sliding_pass': None}"
15,internal_check,0.75,whole_budget,False,"['DELTA_MARGIN_FAIL', 'REGION_GATE_FAIL', 'TRANSITION_SOUNDNESS_FAIL']",46,-0.20054166287183778,-5.204170427930421e-18,98,"{'drift_pass': True, 'delta_margin_pass': False, 'region_gate_pass': False, 'transition_soundness_pass': False, 'event_source_pass': True, 'count_pass': True, 'CV_pass': None, 'sliding_pass': None}"
15,internal_check,1.0,whole_budget,False,"['DELTA_MARGIN_FAIL', 'REGION_GATE_FAIL', 'TRANSITION_SOUNDNESS_FAIL']",90,-0.10738888382911702,-5.204170427930421e-18,44,"{'drift_pass': True, 'delta_margin_pass': False, 'region_gate_pass': False, 'transition_soundness_pass': False, 'event_source_pass': True, 'count_pass': True, 'CV_pass': None, 'sliding_pass': None}"
15,internal_check,1.25,whole_budget,False,"['DELTA_MARGIN_FAIL', 'REGION_GATE_FAIL', 'TRANSITION_SOUNDNESS_FAIL']",145,-0.014236104786396331,-5.204170427930421e-18,4,"{'drift_pass': True, 'delta_margin_pass': False, 'region_gate_pass': False, 'transition_soundness_pass': False, 'event_source_pass': True, 'count_pass': True, 'CV_pass': None, 'sliding_pass': None}"
15,internal_check,1.5,whole_budget,True,[],,0.07891667425632438,-5.204170427930421e-18,0,"{'drift_pass': True, 'delta_margin_pass': True, 'region_gate_pass': True, 'transition_soundness_pass': True, 'event_source_pass': True, 'count_pass': True, 'CV_pass': None, 'sliding_pass': None}"
15,internal_check,2.0,whole_budget,True,[],,0.2652222323417659,8.673617379884035e-18,0,"{'drift_pass': True, 'delta_margin_pass': True, 'region_gate_pass': True, 'transition_soundness_pass': True, 'event_source_pass': True, 'count_pass': True, 'CV_pass': None, 'sliding_pass': None}"
