fit_index,partition,segment,start,end,completed,observed_length,required_budget,g_prediction,corrected_budget,residual,margin
0,train,0,0,48,True,48,0.48,0.45370036363601685,0.585391263961792,0.026299636363983137,0.10539126396179199
0,train,1,48,96,True,48,0.48,0.7191144227981567,0.8508053231239319,-0.23911442279815676,0.3708053231239319
0,train,2,96,144,True,48,0.48,0.40573087334632874,0.5374217736721039,0.07426912665367125,0.05742177367210388
0,train,3,144,192,True,48,0.48,0.44042521715164185,0.572116117477417,0.03957478284835814,0.09211611747741699
0,train,4,192,240,True,48,0.48,0.4772801399230957,0.6089710402488708,0.002719860076904279,0.12897104024887085
0,train,5,240,288,True,48,0.48,0.45548322796821594,0.5871741282939911,0.02451677203178404,0.10717412829399109
0,train,6,288,300,False,12,0.12,0.26397430896759033,0.39566520929336546,-0.14397430896759034,0.27566520929336547
1,train,0,0,51,True,51,0.51,0.5395906567573547,0.6712815570831299,-0.029590656757354727,0.16128155708312986
1,train,1,51,99,True,48,0.48,0.4135596752166748,0.5452505755424499,0.06644032478332518,0.06525057554244995
1,train,2,99,147,True,48,0.48,0.4605002999305725,0.5921912002563476,0.019499700069427472,0.11219120025634766
1,train,3,147,195,True,48,0.48,0.4420498013496399,0.573740701675415,0.03795019865036009,0.09374070167541504
1,train,4,195,243,True,48,0.48,0.40651196241378784,0.538202862739563,0.07348803758621214,0.05820286273956299
1,train,5,243,291,True,48,0.48,0.3782963454723358,0.5099872457981109,0.10170365452766417,0.029987245798110962
1,train,6,291,300,False,9,0.09,0.20594099164009094,0.33763189196586607,-0.11594099164009095,0.24763189196586607
2,train,0,0,48,True,48,0.48,0.4953371286392212,0.6270280289649963,-0.01533712863922121,0.14702802896499634
2,train,1,48,96,True,48,0.48,0.41824254393577576,0.5499334442615509,0.061757456064224225,0.0699334442615509
2,train,2,96,144,True,48,0.48,0.4955190122127533,0.6272099125385284,-0.015519012212753314,0.14720991253852844
2,train,3,144,192,True,48,0.48,0.48042136430740356,0.6121122646331787,-0.0004213643074035822,0.1321122646331787
2,train,4,192,240,True,48,0.48,0.4589521884918213,0.5906430888175964,0.021047811508178693,0.11064308881759644
2,train,5,240,288,True,48,0.48,0.45327088236808777,0.5849617826938629,0.026729117631912214,0.10496178269386292
2,train,6,288,300,False,12,0.12,0.2677661180496216,0.3994570183753967,-0.1477661180496216,0.2794570183753967
3,train,0,0,48,True,48,0.48,0.4419502913951874,0.5736411917209625,0.038049708604812604,0.09364119172096252
3,train,1,48,96,True,48,0.48,0.49671483039855957,0.6284057307243347,-0.016714830398559588,0.14840573072433472
3,train,2,96,144,True,48,0.48,0.4258548617362976,0.5575457620620727,0.054145138263702375,0.07754576206207275
3,train,3,144,192,True,48,0.48,0.4661426842212677,0.5978335845470428,0.013857315778732282,0.11783358454704285
3,train,4,192,240,True,48,0.48,0.5098237991333008,0.6415146994590759,-0.0298237991333008,0.16151469945907593
3,train,5,240,288,True,48,0.48,0.36348679661750793,0.49517769694328306,0.11651320338249205,0.015177696943283081
3,train,6,288,300,False,12,0.12,0.24566757678985596,0.3773584771156311,-0.12566757678985596,0.2573584771156311
4,train,0,0,48,True,48,0.48,0.46131807565689087,0.593008975982666,0.018681924343109113,0.11300897598266602
4,train,1,48,96,True,48,0.48,0.41554614901542664,0.5472370493412018,0.06445385098457335,0.06723704934120178
4,train,2,96,144,True,48,0.48,0.4567737877368927,0.5884646880626678,0.023226212263107282,0.10846468806266785
4,train,3,144,192,True,48,0.48,0.4926403760910034,0.6243312764167785,-0.012640376091003436,0.14433127641677856
4,train,4,192,240,True,48,0.48,0.34830909967422485,0.48,0.13169090032577513,0.0
4,train,5,240,288,True,48,0.48,0.42949381470680237,0.5611847150325775,0.050506185293197614,0.08118471503257751
4,train,6,288,300,False,12,0.12,0.24463041126728058,0.3763213115930557,-0.12463041126728058,0.2563213115930557
5,train,0,0,48,True,48,0.48,0.4761492609977722,0.6078401613235473,0.0038507390022277654,0.12784016132354736
5,train,1,48,96,True,48,0.48,0.4253740608692169,0.557064961194992,0.05462593913078306,0.07706496119499207
5,train,2,96,144,True,48,0.48,0.40837204456329346,0.5400629448890686,0.07162795543670653,0.060062944889068604
5,train,3,144,192,True,48,0.48,0.47575968503952026,0.6074505853652954,0.0042403149604797186,0.1274505853652954
5,train,4,192,240,True,48,0.48,0.4325483739376068,0.5642392742633819,0.04745162606239317,0.08423927426338196
5,train,5,240,288,True,48,0.48,0.488505095243454,0.6201959955692291,-0.008505095243453997,0.14019599556922913
5,train,6,288,300,False,12,0.12,0.44033366441726685,0.572024564743042,-0.32033366441726685,0.452024564743042
6,train,0,0,48,True,48,0.48,0.4887429475784302,0.6204338479042053,-0.008742947578430194,0.14043384790420532
6,train,1,48,96,True,48,0.48,0.5293886661529541,0.6610795664787292,-0.04938866615295412,0.18107956647872925
6,train,2,96,144,True,48,0.48,0.4962749481201172,0.6279658484458923,-0.016274948120117205,0.14796584844589233
6,train,3,144,192,True,48,0.48,0.48141565918922424,0.6131065595149994,-0.001415659189224261,0.1331065595149994
6,train,4,192,240,True,48,0.48,0.41683006286621094,0.5485209631919861,0.06316993713378904,0.06852096319198608
6,train,5,240,288,True,48,0.48,0.4657064974308014,0.5973973977565765,0.01429350256919859,0.11739739775657654
6,train,6,288,300,False,12,0.12,0.3487425744533539,0.480433474779129,-0.2287425744533539,0.360433474779129
7,train,0,0,48,True,48,0.48,0.46606725454330444,0.5977581548690796,0.013932745456695539,0.11775815486907959
7,train,1,48,96,True,48,0.48,0.47362372279167175,0.6053146231174469,0.006376277208328229,0.1253146231174469
7,train,2,96,144,True,48,0.48,0.376751184463501,0.5084420847892761,0.103248815536499,0.028442084789276123
7,train,3,144,192,True,48,0.48,0.42712241411209106,0.5588133144378662,0.05287758588790892,0.07881331443786621
7,train,4,192,240,True,48,0.48,0.49873095750808716,0.6304218578338623,-0.018730957508087176,0.1504218578338623
7,train,5,240,288,True,48,0.48,0.45418015122413635,0.5858710515499115,0.02581984877586363,0.1058710515499115
7,train,6,288,300,False,12,0.12,0.2646539509296417,0.39634485125541685,-0.14465395092964173,0.27634485125541686
8,train,0,0,48,True,48,0.48,0.507246196269989,0.6389370965957641,-0.02724619626998903,0.15893709659576416
8,train,1,48,96,True,48,0.48,0.3957832157611847,0.5274741160869598,0.08421678423881529,0.04747411608695984
8,train,2,96,144,True,48,0.48,0.41581597924232483,0.5475068795681,0.06418402075767515,0.06750687956809998
8,train,3,144,192,True,48,0.48,0.3688417673110962,0.5005326676368713,0.11115823268890379,0.020532667636871338
8,train,4,192,240,True,48,0.48,0.40446510910987854,0.5361560094356537,0.07553489089012144,0.056156009435653687
8,train,5,240,288,True,48,0.48,0.3982411324977875,0.5299320328235626,0.0817588675022125,0.04993203282356262
8,train,6,288,300,False,12,0.12,0.2507074475288391,0.38239834785461424,-0.13070744752883912,0.26239834785461424
9,train,0,0,50,True,50,0.5,0.44974806904792786,0.581438969373703,0.050251930952072144,0.08143896937370299
9,train,1,50,98,True,48,0.48,0.4724133014678955,0.6041042017936706,0.007586698532104474,0.12410420179367065
9,train,2,98,146,True,48,0.48,0.3992327153682709,0.530923615694046,0.08076728463172911,0.05092361569404602
9,train,3,146,194,True,48,0.48,0.4811422824859619,0.612833182811737,-0.0011422824859619318,0.13283318281173706
9,train,4,194,242,True,48,0.48,0.4683467149734497,0.6000376152992248,0.011653285026550275,0.12003761529922485
9,train,5,242,290,True,48,0.48,0.44999611377716064,0.5816870141029358,0.030003886222839338,0.10168701410293579
9,train,6,290,300,False,10,0.1,0.24168913066387177,0.3733800309896469,-0.14168913066387176,0.2733800309896469
10,train,0,0,48,True,48,0.48,0.4553605020046234,0.5870514023303985,0.02463949799537657,0.10705140233039856
10,train,1,48,96,True,48,0.48,0.48703333735466003,0.6187242376804352,-0.007033337354660052,0.13872423768043518
10,train,2,96,144,True,48,0.48,0.5393405556678772,0.6710314559936523,-0.059340555667877215,0.19103145599365234
10,train,3,144,192,True,48,0.48,0.44046854972839355,0.5721594500541687,0.03953145027160643,0.0921594500541687
10,train,4,192,240,True,48,0.48,0.43711721897125244,0.5688081192970276,0.04288278102874754,0.08880811929702759
10,train,5,240,288,True,48,0.48,0.48591557145118713,0.6176064717769623,-0.0059155714511871516,0.13760647177696228
10,train,6,288,300,False,12,0.12,0.312822550535202,0.44451345086097716,-0.19282255053520203,0.32451345086097716
11,train,0,0,48,True,48,0.48,0.450215607881546,0.5819065082073211,0.02978439211845396,0.10190650820732117
11,train,1,48,96,True,48,0.48,0.4433503746986389,0.575041275024414,0.036649625301361066,0.09504127502441406
11,train,2,96,144,True,48,0.48,0.5093923211097717,0.6410832214355469,-0.029392321109771746,0.16108322143554688
11,train,3,144,192,True,48,0.48,0.4677661955356598,0.5994570958614349,0.012233804464340192,0.11945709586143494
11,train,4,192,240,True,48,0.48,0.4883696436882019,0.620060544013977,-0.008369643688201922,0.14006054401397705
11,train,5,240,288,True,48,0.48,0.44025999307632446,0.5719508934020996,0.03974000692367552,0.09195089340209961
11,train,6,288,300,False,12,0.12,0.2637068033218384,0.3953977036476135,-0.14370680332183838,0.2753977036476135
12,internal_check,0,0,48,True,48,0.48,0.63149493932724,0.7631858396530151,-0.15149493932724,0.28318583965301514
12,internal_check,1,48,96,True,48,0.48,0.31597641110420227,0.4476673114299774,0.1640235888957977,-0.03233268857002258
12,internal_check,2,96,144,True,48,0.48,0.46961304545402527,0.6013039457798004,0.010386954545974714,0.12130394577980042
12,internal_check,3,144,192,True,48,0.48,0.35524439811706543,0.48693529844284056,0.12475560188293455,0.006935298442840576
12,internal_check,4,192,240,True,48,0.48,0.31615927815437317,0.4478501784801483,0.1638407218456268,-0.032149821519851685
12,internal_check,5,240,288,True,48,0.48,0.4927598237991333,0.6244507241249084,-0.012759823799133319,0.14445072412490845
12,internal_check,6,288,300,False,12,0.12,0.2030341774225235,0.3347250777482986,-0.0830341774225235,0.21472507774829863
13,internal_check,0,0,48,True,48,0.48,0.45431581139564514,0.5860067117214203,0.02568418860435484,0.10600671172142029
13,internal_check,1,48,96,True,48,0.48,0.24205978214740753,0.37375068247318266,0.23794021785259245,-0.10624931752681732
13,internal_check,2,96,144,True,48,0.48,0.3242528736591339,0.45594377398490904,0.15574712634086607,-0.024056226015090942
13,internal_check,3,144,192,True,48,0.48,0.17306524515151978,0.3047561454772949,0.3069347548484802,-0.17524385452270508
13,internal_check,4,192,240,True,48,0.48,0.29477787017822266,0.4264687705039978,0.18522212982177733,-0.0535312294960022
13,internal_check,5,240,288,True,48,0.48,0.33182039856910706,0.4635112988948822,0.14817960143089293,-0.016488701105117798
13,internal_check,6,288,300,False,12,0.12,0.38298219442367554,0.5146730947494507,-0.26298219442367554,0.39467309474945067
14,internal_check,0,0,48,True,48,0.48,0.5321571230888367,0.6638480234146118,-0.05215712308883669,0.18384802341461182
14,internal_check,1,48,96,True,48,0.48,0.2851101756095886,0.41680107593536375,0.19488982439041136,-0.06319892406463623
14,internal_check,2,96,144,True,48,0.48,0.19499564170837402,0.32668654203414915,0.28500435829162596,-0.15331345796585083
14,internal_check,3,144,192,True,48,0.48,0.24003654718399048,0.3717274475097656,0.2399634528160095,-0.10827255249023438
14,internal_check,4,192,240,True,48,0.48,0.2815750539302826,0.4132659542560577,0.1984249460697174,-0.06673404574394226
14,internal_check,5,240,288,True,48,0.48,0.2949272096157074,0.4266181099414825,0.18507279038429258,-0.053381890058517456
14,internal_check,6,288,300,False,12,0.12,0.42452019453048706,0.5562110948562622,-0.30452019453048706,0.4362110948562622
15,internal_check,0,0,49,True,49,0.49,0.4778074026107788,0.6094983029365539,0.012192597389221183,0.11949830293655395
15,internal_check,1,49,97,True,48,0.48,0.2691485285758972,0.40083942890167235,0.21085147142410277,-0.07916057109832764
15,internal_check,2,97,145,True,48,0.48,0.24717958271503448,0.3788704830408096,0.2328204172849655,-0.10112951695919037
15,internal_check,3,145,193,True,48,0.48,0.25064387917518616,0.3823347795009613,0.22935612082481383,-0.0976652204990387
15,internal_check,4,193,241,True,48,0.48,0.24092021584510803,0.37261111617088316,0.23907978415489195,-0.10738888382911682
15,internal_check,5,241,289,True,48,0.48,0.3121888339519501,0.4438797342777252,0.1678111660480499,-0.03612026572227478
15,internal_check,6,289,300,False,11,0.11,0.15678684413433075,0.2884777444601059,-0.04678684413433075,0.1784777444601059
