spec,function,train_margin,split,required,raw_pass,fixed_slack_pass,train_margin_pass,min,q10,median,q90,max,baseline
A_S48,W,0.01,train,57,57,0,57,-0.08923876099288464,-0.05146027919836342,-0.024396974011324346,-0.013386547437403352,-0.010662736895028502,True
A_S48,W,0.01,development,39,19,0,19,-0.056970689838635735,-0.022902583074755966,-0.009966996847651899,0.013795911808847495,0.11436096936813556,True
A_S48,W,0.01,train,57,57,0,57,-0.08923876099288464,-0.05146027919836342,-0.024396974011324346,-0.013386547437403352,-0.010662736895028502,False
A_S48,W,0.01,development,39,19,0,19,-0.056970689838635735,-0.022902583074755966,-0.009966996847651899,0.013795911808847495,0.11436096936813556,False
A_S48,W,0.03,train,57,57,0,55,-0.08900097571313381,-0.07198592410422862,-0.04701827699318528,-0.03553535155951977,-0.027333420235663652,False
A_S48,W,0.03,development,39,21,0,11,-0.07358695601578802,-0.04435431110032369,-0.013687754515558481,0.015435620653443047,0.07608172867912799,False
A_S48,W,0.05,train,57,57,3,56,-0.2111365352757275,-0.12040388701716437,-0.07994721684372053,-0.054665936785750095,-0.044380812149029225,False
A_S48,W,0.05,development,39,21,0,13,-0.08585696551017463,-0.06282093026675284,-0.015881840357906185,0.03562683224445209,0.07366902513604145,False
A_S48,W,0.1,train,57,57,32,54,-0.2576747111743316,-0.22006924864836036,-0.15474659041501582,-0.11306869102991188,-0.09431025097728707,False
A_S48,W,0.1,development,39,25,1,4,-0.16107294433459174,-0.10023527364246547,-0.022638750029727817,0.04185431943333243,0.09974789062471245,False
A_S48,W,0.15,train,57,57,52,52,-0.4337684224592522,-0.31879476495087145,-0.22874665923882276,-0.15833137723966503,-0.09187964303418994,False
A_S48,W,0.15,development,39,20,4,4,-0.17052377172512934,-0.1246347386855632,-0.010036651721748058,0.04768904656521045,0.08869991274696076,False
A_S48,U,0.001,train,111,111,0,111,-0.07824233081191778,-0.038366055116057396,-0.01706734485924244,-0.0071213459596037865,-0.0026512471958994865,True
A_S48,U,0.001,development,74,42,0,40,-0.05467021287768148,-0.024525213830929714,-0.0019744916207855567,0.012105032295221465,0.09825920598814264,True
A_S48,U,0.0,train,111,111,1,111,-0.2130973874591291,-0.03313562227413058,-0.016134530073031783,-0.007482440210878849,-0.0024108660873025656,False
A_S48,U,0.0,development,74,36,0,36,-0.055458706367062405,-0.018469479199848135,0.0003214401949662715,0.015201057112426497,0.08313735574483871,False
A_S48,U,0.01,train,111,111,1,110,-0.15241304226219654,-0.05397310620173812,-0.03189714555628598,-0.017355339135974646,-0.006707297638058662,False
A_S48,U,0.01,development,74,42,0,25,-0.07073493767529726,-0.030699768147314895,-0.0027105385524919257,0.021356195151747675,0.12290316651342437,False
A_S48,U,0.03,train,111,111,3,108,-0.18352291360497475,-0.10492785403039306,-0.059965162537992,-0.04195608897134662,-0.02114038961008191,False
A_S48,U,0.03,development,74,45,0,14,-0.09571871842490509,-0.04989942543179495,-0.007668973317777272,0.03019987102597952,0.10168513344251551,False
A_S48,U,0.05,train,111,111,22,108,-0.2848192772362381,-0.17120455694384873,-0.09562296443618834,-0.058444190421141684,-0.034423876786604524,False
A_S48,U,0.05,development,74,42,1,10,-0.17554352901061065,-0.05852707637968706,-0.005303843798174057,0.03604862043139295,0.14378942934854422,False
B_S24,W,0.01,train,35,35,0,35,-0.07462859246879816,-0.05930733860004693,-0.03157179057598114,-0.01718866960145533,-0.014441057195654139,True
B_S24,W,0.01,development,28,17,0,17,-0.08542452400433831,-0.050916607229737565,-0.01857553282752633,0.01243927286741383,0.08210160332964733,True
B_S24,W,0.01,train,35,35,0,35,-0.07462859246879816,-0.05930733860004693,-0.03157179057598114,-0.01718866960145533,-0.014441057195654139,False
B_S24,W,0.01,development,28,17,0,17,-0.08542452400433831,-0.050916607229737565,-0.01857553282752633,0.01243927286741383,0.08210160332964733,False
B_S24,W,0.03,train,35,35,0,35,-0.10369508201256394,-0.07534582209773362,-0.0494562815874815,-0.03925325274467468,-0.030366979830432683,False
B_S24,W,0.03,development,28,21,0,15,-0.11942982394248247,-0.05815014095733204,-0.034358928654910414,0.010080929403375198,0.0690951117867371,False
B_S24,W,0.05,train,35,35,0,34,-0.14202048280276358,-0.09732046332210302,-0.07633234560489655,-0.06553399768017698,-0.038453240631497465,False
B_S24,W,0.05,development,28,21,1,14,-0.15905720459704753,-0.08920619406853803,-0.05261950159911066,0.009205570473386625,0.05027345533744665,False
B_S24,W,0.1,train,35,35,22,35,-0.25019690295448527,-0.21606499066983814,-0.16348626418039203,-0.12377385459840298,-0.10925188614055514,False
B_S24,W,0.1,development,28,20,1,7,-0.166142541107547,-0.12488172429148107,-0.04394715304260899,0.0037175250111431547,0.031443389051673876,False
B_S24,W,0.15,train,35,35,34,34,-0.3117486238479614,-0.2784482887131162,-0.21601735148578882,-0.161022952204803,-0.10060846310807392,False
B_S24,W,0.15,development,28,16,6,6,-0.16862097301054746,-0.15395394002953253,-0.03155379138115677,0.0162152828219405,0.03293853171635419,False
B_S24,U,0.001,train,111,110,1,109,-0.24461358599364758,-0.039364653173834085,-0.016923945862799883,-0.0073148338124156,5.79997431486845e-05,True
B_S24,U,0.001,development,74,44,0,42,-0.06841643268126063,-0.024770520703168587,-0.0037815539981238544,0.01583654637943255,0.10492836227058433,True
B_S24,U,0.0,train,111,111,1,111,-0.18584628112148494,-0.038193331100046635,-0.014421988977119327,-0.008125678170472383,-0.0036582606844604015,False
B_S24,U,0.0,development,74,41,0,41,-0.06880268873646855,-0.016794576772372238,-0.0016903645810089074,0.018433256380376413,0.07908710054471157,False
B_S24,U,0.01,train,111,111,0,108,-0.09968036075588316,-0.0520817938959226,-0.028345694299787283,-0.016100772423669696,-0.008873411919921637,False
B_S24,U,0.01,development,74,44,0,23,-0.058387350669363514,-0.018376387558237183,-0.003202188585419208,0.019022917345864705,0.12367480824468657,False
B_S24,U,0.03,train,111,111,5,109,-0.25106480717658997,-0.09941699798218906,-0.06108416593633592,-0.038585915230214596,-0.021192739019170403,False
B_S24,U,0.03,development,74,43,0,12,-0.10184951635892503,-0.03949997475720011,-0.004745687168906443,0.025772921036696064,0.10408231560722925,False
B_S24,U,0.05,train,111,111,17,107,-0.2688800087198615,-0.15441423654556274,-0.08615099126473069,-0.05723754968494177,-0.039960474241524935,False
B_S24,U,0.05,development,74,38,3,8,-0.20511026092572138,-0.053459199555800294,-0.0009449133176531177,0.03446999279985905,0.12023158188094385,False
C_clearance,W,0.01,train,19,19,10,19,-0.3840701400768012,-0.2760206796694547,-0.14816625090315938,-0.034363962197676304,-0.02604300348320976,True
C_clearance,W,0.01,development,19,7,1,7,-0.18015180657675955,-0.0472203896373685,0.021551464968069922,0.10603008148027582,0.12922357408388052,True
C_clearance,W,0.01,train,19,19,10,19,-0.3840701400768012,-0.2760206796694547,-0.14816625090315938,-0.034363962197676304,-0.02604300348320976,False
C_clearance,W,0.01,development,19,7,1,7,-0.18015180657675955,-0.0472203896373685,0.021551464968069922,0.10603008148027582,0.12922357408388052,False
C_clearance,W,0.03,train,19,19,9,19,-0.3683770103380084,-0.3150363588472828,-0.12706229102332145,-0.06388734423089773,-0.037920074071735144,False
C_clearance,W,0.03,development,19,8,0,6,-0.12890562383836368,-0.07784989787614904,-0.005559485332923941,0.08575071172963361,0.11943989337305538,False
C_clearance,W,0.05,train,19,19,15,19,-0.40732627687975764,-0.32519007450318893,-0.21306523028761148,-0.11433794070035219,-0.09929774422198534,False
C_clearance,W,0.05,development,19,7,1,7,-0.31555736796872225,-0.11847014662344009,0.0009637278308218811,0.09825093739491418,0.16323044792807195,False
C_clearance,W,0.1,train,19,19,18,19,-0.5090952303726226,-0.41269013489363715,-0.31070988113060594,-0.1727174781728536,-0.11788401193916798,False
C_clearance,W,0.1,development,19,8,4,7,-0.37153133755055023,-0.20186026847077299,0.0064490015247429255,0.09470013864629433,0.22690533709828742,False
C_clearance,W,0.15,train,19,19,19,19,-0.5749999059480615,-0.4579787455033511,-0.3629293255507946,-0.2211739344027592,-0.1886346737446729,False
C_clearance,W,0.15,development,19,9,6,6,-0.42348752488032915,-0.26322040107188516,0.003056485922570573,0.1492665046651382,0.23915624037908856,False
C_clearance,U,0.001,train,111,111,0,110,-0.10683235269971192,-0.038522481452673674,-0.020379206398501992,-0.008450145833194256,-0.000890066847205162,True
C_clearance,U,0.001,development,74,40,0,39,-0.060956743865972385,-0.027226991686620745,-0.0018253307571285404,0.0183653483647504,0.09342006262158975,True
C_clearance,U,0.0,train,111,111,0,111,-0.098084079567343,-0.04218706861138344,-0.020605501253157854,-0.008600925095379353,-0.0004313625395298004,False
C_clearance,U,0.0,development,74,45,0,45,-0.05143044557189569,-0.020538204662443604,-0.004739957592391875,0.018395183264510707,0.09491195874579716,False
C_clearance,U,0.01,train,111,111,2,109,-0.1793216543737799,-0.05766615504398942,-0.03146667615510523,-0.019410722656175494,-0.004229290643706918,False
C_clearance,U,0.01,development,74,43,0,25,-0.06741415141732432,-0.032831646293925584,-0.0026903114703600295,0.01937402120383923,0.08563159155892208,False
C_clearance,U,0.03,train,111,111,10,106,-0.32008678023703396,-0.12856098543852568,-0.0636216236744076,-0.03649379755370319,-0.017870571929961443,False
C_clearance,U,0.03,development,74,47,1,13,-0.151012331712991,-0.044341431801149155,-0.007860616602556547,0.02271327294438379,0.10210649027430918,False
C_clearance,U,0.05,train,111,111,19,108,-0.27630645758472383,-0.15694035566411912,-0.09217123338021338,-0.06307763216318563,-0.026769063901156187,False
C_clearance,U,0.05,development,74,46,2,8,-0.19636059748881962,-0.04984341736344504,-0.0037182156229391694,0.0335180069130729,0.11978489217290189,False
